[17Mar2026 09:43:01.260] [main/INFO] [cpw.mods.modlauncher.Launcher/MODLAUNCHER]: ModLauncher running: args [--launchTarget, forgeserver, --fml.forgeVersion, 47.4.16, --fml.mcVersion, 1.20.1, --fml.forgeGroup, net.minecraftforge, --fml.mcpVersion, 20230612.114412]
[17Mar2026 09:43:01.266] [main/INFO] [cpw.mods.modlauncher.Launcher/MODLAUNCHER]: ModLauncher 10.0.9+10.0.9+main.dcd20f30 starting: java version 21.0.10 by N/A; OS Linux arch amd64 version 6.18.16
[17Mar2026 09:43:01.297] [main/DEBUG] [cpw.mods.modlauncher.LaunchServiceHandler/MODLAUNCHER]: Found launch services [fmlclientdev,forgeclient,minecraft,forgegametestserverdev,fmlserveruserdev,fmlclient,fmldatauserdev,forgeserverdev,forgeserveruserdev,forgeclientdev,forgeclientuserdev,forgeserver,forgedatadev,fmlserver,fmlclientuserdev,fmlserverdev,forgedatauserdev,testharness,forgegametestserveruserdev]
[17Mar2026 09:43:01.310] [main/DEBUG] [cpw.mods.modlauncher.NameMappingServiceHandler/MODLAUNCHER]: Found naming services : [srgtomcp]
[17Mar2026 09:43:01.326] [main/DEBUG] [cpw.mods.modlauncher.LaunchPluginHandler/MODLAUNCHER]: Found launch plugins: [mixin,eventbus,slf4jfixer,object_holder_definalize,runtime_enum_extender,capability_token_subclass,accesstransformer,runtimedistcleaner]
[17Mar2026 09:43:01.336] [main/DEBUG] [cpw.mods.modlauncher.TransformationServicesHandler/MODLAUNCHER]: Discovering transformation services
[17Mar2026 09:43:01.340] [main/DEBUG] [net.minecraftforge.fml.loading.FMLPaths/CORE]: Path GAMEDIR is /home/yousaytoday/itslinux-btw/assets/minecraft/server-1.20.1-forge
[17Mar2026 09:43:01.341] [main/DEBUG] [net.minecraftforge.fml.loading.FMLPaths/CORE]: Path MODSDIR is /home/yousaytoday/itslinux-btw/assets/minecraft/server-1.20.1-forge/mods
[17Mar2026 09:43:01.341] [main/DEBUG] [net.minecraftforge.fml.loading.FMLPaths/CORE]: Path CONFIGDIR is /home/yousaytoday/itslinux-btw/assets/minecraft/server-1.20.1-forge/config
[17Mar2026 09:43:01.341] [main/DEBUG] [net.minecraftforge.fml.loading.FMLPaths/CORE]: Path FMLCONFIG is /home/yousaytoday/itslinux-btw/assets/minecraft/server-1.20.1-forge/config/fml.toml
[17Mar2026 09:43:01.378] [main/DEBUG] [cpw.mods.modlauncher.TransformationServicesHandler/MODLAUNCHER]: Found additional transformation services from discovery services: 
[17Mar2026 09:43:01.384] [main/INFO] [net.minecraftforge.fml.loading.ImmediateWindowHandler/]: ImmediateWindowProvider not loading because launch target is forgeserver
[17Mar2026 09:43:01.393] [main/DEBUG] [cpw.mods.modlauncher.TransformationServicesHandler/MODLAUNCHER]: Found transformer services : [mixin,fml]
[17Mar2026 09:43:01.393] [main/DEBUG] [cpw.mods.modlauncher.TransformationServicesHandler/MODLAUNCHER]: Transformation services loading
[17Mar2026 09:43:01.394] [main/DEBUG] [cpw.mods.modlauncher.TransformationServiceDecorator/MODLAUNCHER]: Loading service mixin
[17Mar2026 09:43:01.395] [main/DEBUG] [cpw.mods.modlauncher.TransformationServiceDecorator/MODLAUNCHER]: Loaded service mixin
[17Mar2026 09:43:01.395] [main/DEBUG] [cpw.mods.modlauncher.TransformationServiceDecorator/MODLAUNCHER]: Loading service fml
[17Mar2026 09:43:01.396] [main/DEBUG] [net.minecraftforge.fml.loading.LauncherVersion/CORE]: Found FMLLauncher version 1.0
[17Mar2026 09:43:01.397] [main/DEBUG] [net.minecraftforge.fml.loading.FMLLoader/CORE]: FML 1.0 loading
[17Mar2026 09:43:01.397] [main/DEBUG] [net.minecraftforge.fml.loading.FMLLoader/CORE]: FML found ModLauncher version : 10.0.9+10.0.9+main.dcd20f30
[17Mar2026 09:43:01.397] [main/DEBUG] [net.minecraftforge.fml.loading.FMLLoader/CORE]: Requesting CoreMods to not apply the fix for ASMAPI.findFirstInstructionBefore by default
[17Mar2026 09:43:01.398] [main/DEBUG] [net.minecraftforge.fml.loading.FMLLoader/CORE]: FML found AccessTransformer version : 8.0.4+66+master.c09db6d7
[17Mar2026 09:43:01.398] [main/DEBUG] [net.minecraftforge.fml.loading.FMLLoader/CORE]: FML found EventBus version : 6.2.33
[17Mar2026 09:43:01.399] [main/DEBUG] [net.minecraftforge.fml.loading.FMLLoader/CORE]: Found Runtime Dist Cleaner
[17Mar2026 09:43:01.402] [main/DEBUG] [net.minecraftforge.coremod.CoreModEngine/]: CoreMods will preserve legacy behavior of ASMAPI.findFirstInstructionBefore for backwards-compatibility
[17Mar2026 09:43:01.403] [main/DEBUG] [net.minecraftforge.fml.loading.FMLLoader/CORE]: FML found CoreMod version : 5.2.4
[17Mar2026 09:43:01.403] [main/DEBUG] [net.minecraftforge.fml.loading.FMLLoader/CORE]: Found ForgeSPI package implementation version 7.0.1+7.0.1+master.d2b38bf6
[17Mar2026 09:43:01.404] [main/DEBUG] [net.minecraftforge.fml.loading.FMLLoader/CORE]: Found ForgeSPI package specification 5
[17Mar2026 09:43:01.404] [main/DEBUG] [cpw.mods.modlauncher.TransformationServiceDecorator/MODLAUNCHER]: Loaded service fml
[17Mar2026 09:43:01.404] [main/DEBUG] [cpw.mods.modlauncher.TransformationServicesHandler/MODLAUNCHER]: Configuring option handling for services
[17Mar2026 09:43:01.412] [main/DEBUG] [cpw.mods.modlauncher.TransformationServicesHandler/MODLAUNCHER]: Transformation services initializing
[17Mar2026 09:43:01.412] [main/DEBUG] [cpw.mods.modlauncher.TransformationServiceDecorator/MODLAUNCHER]: Initializing transformation service mixin
[17Mar2026 09:43:01.428] [main/DEBUG] [mixin/]: MixinService [ModLauncher] was successfully booted in cpw.mods.cl.ModuleClassLoader@7e9a5fbe
[17Mar2026 09:43:01.443] [main/INFO] [mixin/]: SpongePowered MIXIN Subsystem Version=0.8.5 Source=union:/home/yousaytoday/itslinux-btw/assets/minecraft/server-1.20.1-forge/libraries/org/spongepowered/mixin/0.8.5/mixin-0.8.5.jar%2365!/ Service=ModLauncher Env=SERVER
[17Mar2026 09:43:01.447] [main/DEBUG] [mixin/]: Initialising Mixin Platform Manager
[17Mar2026 09:43:01.448] [main/DEBUG] [mixin/]: Adding mixin platform agents for container ModLauncher Root Container(ModLauncher:4f56a0a2)
[17Mar2026 09:43:01.449] [main/DEBUG] [mixin/]: Instancing new MixinPlatformAgentMinecraftForge for ModLauncher Root Container(ModLauncher:4f56a0a2)
[17Mar2026 09:43:01.449] [main/DEBUG] [mixin/]: MixinPlatformAgentMinecraftForge rejected container ModLauncher Root Container(ModLauncher:4f56a0a2)
[17Mar2026 09:43:01.450] [main/DEBUG] [mixin/]: Instancing new MixinPlatformAgentDefault for ModLauncher Root Container(ModLauncher:4f56a0a2)
[17Mar2026 09:43:01.450] [main/DEBUG] [mixin/]: MixinPlatformAgentDefault accepted container ModLauncher Root Container(ModLauncher:4f56a0a2)
[17Mar2026 09:43:01.453] [main/DEBUG] [cpw.mods.modlauncher.TransformationServiceDecorator/MODLAUNCHER]: Initialized transformation service mixin
[17Mar2026 09:43:01.453] [main/DEBUG] [cpw.mods.modlauncher.TransformationServiceDecorator/MODLAUNCHER]: Initializing transformation service fml
[17Mar2026 09:43:01.453] [main/DEBUG] [net.minecraftforge.fml.loading.FMLServiceProvider/CORE]: Setting up basic FML game directories
[17Mar2026 09:43:01.454] [main/DEBUG] [net.minecraftforge.fml.loading.FMLPaths/CORE]: Path GAMEDIR is /home/yousaytoday/itslinux-btw/assets/minecraft/server-1.20.1-forge
[17Mar2026 09:43:01.454] [main/DEBUG] [net.minecraftforge.fml.loading.FMLPaths/CORE]: Path MODSDIR is /home/yousaytoday/itslinux-btw/assets/minecraft/server-1.20.1-forge/mods
[17Mar2026 09:43:01.454] [main/DEBUG] [net.minecraftforge.fml.loading.FMLPaths/CORE]: Path CONFIGDIR is /home/yousaytoday/itslinux-btw/assets/minecraft/server-1.20.1-forge/config
[17Mar2026 09:43:01.454] [main/DEBUG] [net.minecraftforge.fml.loading.FMLPaths/CORE]: Path FMLCONFIG is /home/yousaytoday/itslinux-btw/assets/minecraft/server-1.20.1-forge/config/fml.toml
[17Mar2026 09:43:01.455] [main/DEBUG] [net.minecraftforge.fml.loading.FMLServiceProvider/CORE]: Loading configuration
[17Mar2026 09:43:01.457] [main/DEBUG] [net.minecraftforge.fml.loading.FMLServiceProvider/CORE]: Preparing ModFile
[17Mar2026 09:43:01.462] [main/DEBUG] [net.minecraftforge.fml.loading.FMLServiceProvider/CORE]: Preparing launch handler
[17Mar2026 09:43:01.463] [main/DEBUG] [net.minecraftforge.fml.loading.FMLLoader/CORE]: Using forgeserver as launch service
[17Mar2026 09:43:01.482] [main/DEBUG] [net.minecraftforge.fml.loading.FMLLoader/CORE]: Received command line version data  : VersionInfo[forgeVersion=47.4.16, mcVersion=1.20.1, mcpVersion=20230612.114412, forgeGroup=net.minecraftforge]
[17Mar2026 09:43:01.484] [main/DEBUG] [cpw.mods.modlauncher.TransformationServiceDecorator/MODLAUNCHER]: Initialized transformation service fml
[17Mar2026 09:43:01.484] [main/DEBUG] [cpw.mods.modlauncher.NameMappingServiceHandler/MODLAUNCHER]: Current naming domain is 'srg'
[17Mar2026 09:43:01.485] [main/DEBUG] [cpw.mods.modlauncher.NameMappingServiceHandler/MODLAUNCHER]: Identified name mapping providers {}
[17Mar2026 09:43:01.485] [main/DEBUG] [cpw.mods.modlauncher.TransformationServicesHandler/MODLAUNCHER]: Transformation services begin scanning
[17Mar2026 09:43:01.486] [main/DEBUG] [cpw.mods.modlauncher.TransformationServiceDecorator/MODLAUNCHER]: Beginning scan trigger - transformation service mixin
[17Mar2026 09:43:01.486] [main/DEBUG] [cpw.mods.modlauncher.TransformationServiceDecorator/MODLAUNCHER]: End scan trigger - transformation service mixin
[17Mar2026 09:43:01.486] [main/DEBUG] [cpw.mods.modlauncher.TransformationServiceDecorator/MODLAUNCHER]: Beginning scan trigger - transformation service fml
[17Mar2026 09:43:01.486] [main/DEBUG] [net.minecraftforge.fml.loading.FMLServiceProvider/CORE]: Initiating mod scan
[17Mar2026 09:43:01.497] [main/DEBUG] [net.minecraftforge.fml.loading.moddiscovery.ModListHandler/CORE]: Found mod coordinates from lists: []
[17Mar2026 09:43:01.500] [main/DEBUG] [net.minecraftforge.fml.loading.moddiscovery.ModDiscoverer/CORE]: Found Mod Locators : (mods folder:null),(maven libs:null),(exploded directory:null),(minecraft:null),(userdev classpath:null)
[17Mar2026 09:43:01.501] [main/DEBUG] [net.minecraftforge.fml.loading.moddiscovery.ModDiscoverer/CORE]: Found Dependency Locators : (JarInJar:null)
[17Mar2026 09:43:01.656] [main/DEBUG] [net.minecraftforge.fml.loading.moddiscovery.ModFileInfo/LOADING]: Found valid mod file server-1.20.1-20230612.114412-srg.jar with {minecraft} mods - versions {1.20.1}
[17Mar2026 09:43:01.658] [main/DEBUG] [net.minecraftforge.fml.loading.moddiscovery.ModFileParser/LOADING]: Considering mod file candidate /home/yousaytoday/itslinux-btw/assets/minecraft/server-1.20.1-forge/libraries/net/minecraftforge/fmlcore/1.20.1-47.4.16/fmlcore-1.20.1-47.4.16.jar
[17Mar2026 09:43:01.659] [main/WARN] [net.minecraftforge.fml.loading.moddiscovery.ModFileParser/LOADING]: Mod file /home/yousaytoday/itslinux-btw/assets/minecraft/server-1.20.1-forge/libraries/net/minecraftforge/fmlcore/1.20.1-47.4.16/fmlcore-1.20.1-47.4.16.jar is missing mods.toml file
[17Mar2026 09:43:01.660] [main/DEBUG] [net.minecraftforge.fml.loading.moddiscovery.ModFileParser/LOADING]: Considering mod file candidate /home/yousaytoday/itslinux-btw/assets/minecraft/server-1.20.1-forge/libraries/net/minecraftforge/javafmllanguage/1.20.1-47.4.16/javafmllanguage-1.20.1-47.4.16.jar
[17Mar2026 09:43:01.660] [main/WARN] [net.minecraftforge.fml.loading.moddiscovery.ModFileParser/LOADING]: Mod file /home/yousaytoday/itslinux-btw/assets/minecraft/server-1.20.1-forge/libraries/net/minecraftforge/javafmllanguage/1.20.1-47.4.16/javafmllanguage-1.20.1-47.4.16.jar is missing mods.toml file
[17Mar2026 09:43:01.662] [main/DEBUG] [net.minecraftforge.fml.loading.moddiscovery.ModFileParser/LOADING]: Considering mod file candidate /home/yousaytoday/itslinux-btw/assets/minecraft/server-1.20.1-forge/libraries/net/minecraftforge/lowcodelanguage/1.20.1-47.4.16/lowcodelanguage-1.20.1-47.4.16.jar
[17Mar2026 09:43:01.662] [main/WARN] [net.minecraftforge.fml.loading.moddiscovery.ModFileParser/LOADING]: Mod file /home/yousaytoday/itslinux-btw/assets/minecraft/server-1.20.1-forge/libraries/net/minecraftforge/lowcodelanguage/1.20.1-47.4.16/lowcodelanguage-1.20.1-47.4.16.jar is missing mods.toml file
[17Mar2026 09:43:01.663] [main/DEBUG] [net.minecraftforge.fml.loading.moddiscovery.ModFileParser/LOADING]: Considering mod file candidate /home/yousaytoday/itslinux-btw/assets/minecraft/server-1.20.1-forge/libraries/net/minecraftforge/mclanguage/1.20.1-47.4.16/mclanguage-1.20.1-47.4.16.jar
[17Mar2026 09:43:01.663] [main/WARN] [net.minecraftforge.fml.loading.moddiscovery.ModFileParser/LOADING]: Mod file /home/yousaytoday/itslinux-btw/assets/minecraft/server-1.20.1-forge/libraries/net/minecraftforge/mclanguage/1.20.1-47.4.16/mclanguage-1.20.1-47.4.16.jar is missing mods.toml file
[17Mar2026 09:43:01.667] [main/DEBUG] [net.minecraftforge.fml.loading.moddiscovery.ModFileParser/LOADING]: Considering mod file candidate /home/yousaytoday/itslinux-btw/assets/minecraft/server-1.20.1-forge/libraries/net/minecraftforge/forge/1.20.1-47.4.16/forge-1.20.1-47.4.16-universal.jar
[17Mar2026 09:43:01.672] [main/DEBUG] [net.minecraftforge.fml.loading.moddiscovery.ModFileInfo/LOADING]: Found valid mod file forge-1.20.1-47.4.16-universal.jar with {forge} mods - versions {47.4.16}
[17Mar2026 09:43:01.689] [main/DEBUG] [net.minecraftforge.fml.loading.moddiscovery.AbstractJarFileDependencyLocator/]: Failed to load resource META-INF/jarjar/metadata.json from server-1.20.1-20230612.114412-srg.jar, it does not contain dependency information.
[17Mar2026 09:43:01.689] [main/DEBUG] [net.minecraftforge.fml.loading.moddiscovery.AbstractJarFileDependencyLocator/]: Failed to load resource META-INF/jarjar/metadata.json from forge-1.20.1-47.4.16-universal.jar, it does not contain dependency information.
[17Mar2026 09:43:01.689] [main/DEBUG] [net.minecraftforge.fml.loading.moddiscovery.AbstractJarFileDependencyLocator/]: Failed to load resource META-INF/jarjar/metadata.json from mclanguage-1.20.1-47.4.16.jar, it does not contain dependency information.
[17Mar2026 09:43:01.689] [main/DEBUG] [net.minecraftforge.fml.loading.moddiscovery.AbstractJarFileDependencyLocator/]: Failed to load resource META-INF/jarjar/metadata.json from javafmllanguage-1.20.1-47.4.16.jar, it does not contain dependency information.
[17Mar2026 09:43:01.689] [main/DEBUG] [net.minecraftforge.fml.loading.moddiscovery.AbstractJarFileDependencyLocator/]: Failed to load resource META-INF/jarjar/metadata.json from fmlcore-1.20.1-47.4.16.jar, it does not contain dependency information.
[17Mar2026 09:43:01.690] [main/DEBUG] [net.minecraftforge.fml.loading.moddiscovery.AbstractJarFileDependencyLocator/]: Failed to load resource META-INF/jarjar/metadata.json from lowcodelanguage-1.20.1-47.4.16.jar, it does not contain dependency information.
[17Mar2026 09:43:01.722] [main/INFO] [net.minecraftforge.fml.loading.moddiscovery.JarInJarDependencyLocator/]: No dependencies to load found. Skipping!
[17Mar2026 09:43:01.724] [main/DEBUG] [net.minecraftforge.fml.loading.moddiscovery.ModFileInfo/LOADING]: Found valid mod file server-1.20.1-20230612.114412-srg.jar with {minecraft} mods - versions {1.20.1}
[17Mar2026 09:43:01.727] [main/DEBUG] [net.minecraftforge.fml.loading.moddiscovery.ModFile/LOADING]: Loading mod file /home/yousaytoday/itslinux-btw/assets/minecraft/server-1.20.1-forge/libraries/net/minecraft/server/1.20.1-20230612.114412/server-1.20.1-20230612.114412-srg.jar with languages [LanguageSpec[languageName=minecraft, acceptedVersions=1]]
[17Mar2026 09:43:01.728] [main/DEBUG] [net.minecraftforge.fml.loading.moddiscovery.ModFileParser/LOADING]: Considering mod file candidate /home/yousaytoday/itslinux-btw/assets/minecraft/server-1.20.1-forge/libraries/net/minecraftforge/forge/1.20.1-47.4.16/forge-1.20.1-47.4.16-universal.jar
[17Mar2026 09:43:01.729] [main/DEBUG] [net.minecraftforge.fml.loading.moddiscovery.ModFileInfo/LOADING]: Found valid mod file forge-1.20.1-47.4.16-universal.jar with {forge} mods - versions {47.4.16}
[17Mar2026 09:43:01.730] [main/DEBUG] [net.minecraftforge.fml.loading.moddiscovery.ModFile/LOADING]: Loading mod file /home/yousaytoday/itslinux-btw/assets/minecraft/server-1.20.1-forge/libraries/net/minecraftforge/forge/1.20.1-47.4.16/forge-1.20.1-47.4.16-universal.jar with languages [LanguageSpec[languageName=javafml, acceptedVersions=[24,]]]
[17Mar2026 09:43:01.774] [main/DEBUG] [net.minecraftforge.fml.loading.moddiscovery.ModFileParser/LOADING]: Found coremod field_to_method with Javascript path coremods/field_to_method.js
[17Mar2026 09:43:01.775] [main/DEBUG] [net.minecraftforge.fml.loading.moddiscovery.ModFileParser/LOADING]: Found coremod field_to_instanceof with Javascript path coremods/field_to_instanceof.js
[17Mar2026 09:43:01.775] [main/DEBUG] [net.minecraftforge.fml.loading.moddiscovery.ModFileParser/LOADING]: Found coremod add_bouncer_method with Javascript path coremods/add_bouncer_method.js
[17Mar2026 09:43:01.775] [main/DEBUG] [net.minecraftforge.fml.loading.moddiscovery.ModFileParser/LOADING]: Found coremod method_redirector with Javascript path coremods/method_redirector.js
[17Mar2026 09:43:01.775] [main/DEBUG] [net.minecraftforge.fml.loading.moddiscovery.ModFile/LOADING]: Found coremod coremods/field_to_method.js
[17Mar2026 09:43:01.775] [main/DEBUG] [net.minecraftforge.fml.loading.moddiscovery.ModFile/LOADING]: Found coremod coremods/field_to_instanceof.js
[17Mar2026 09:43:01.775] [main/DEBUG] [net.minecraftforge.fml.loading.moddiscovery.ModFile/LOADING]: Found coremod coremods/add_bouncer_method.js
[17Mar2026 09:43:01.775] [main/DEBUG] [net.minecraftforge.fml.loading.moddiscovery.ModFile/LOADING]: Found coremod coremods/method_redirector.js
[17Mar2026 09:43:01.776] [main/DEBUG] [cpw.mods.modlauncher.TransformationServiceDecorator/MODLAUNCHER]: End scan trigger - transformation service fml
[17Mar2026 09:43:01.789] [main/DEBUG] [net.minecraftforge.fml.loading.LanguageLoadingProvider/CORE]: Found 3 language providers
[17Mar2026 09:43:01.790] [main/DEBUG] [net.minecraftforge.fml.loading.LanguageLoadingProvider/CORE]: Found language provider minecraft, version 1.0
[17Mar2026 09:43:01.791] [main/DEBUG] [net.minecraftforge.fml.loading.LanguageLoadingProvider/CORE]: Found language provider lowcodefml, version 47
[17Mar2026 09:43:01.792] [main/DEBUG] [net.minecraftforge.fml.loading.LanguageLoadingProvider/CORE]: Found language provider javafml, version 47
[17Mar2026 09:43:01.797] [main/DEBUG] [net.minecraftforge.fml.loading.ModSorter/]: Configured system mods: [minecraft, forge]
[17Mar2026 09:43:01.798] [main/DEBUG] [net.minecraftforge.fml.loading.ModSorter/]: Found system mod: minecraft
[17Mar2026 09:43:01.798] [main/DEBUG] [net.minecraftforge.fml.loading.ModSorter/]: Found system mod: forge
[17Mar2026 09:43:01.800] [main/DEBUG] [net.minecraftforge.fml.loading.ModSorter/LOADING]: Found 0 mod requirements (0 mandatory, 0 optional)
[17Mar2026 09:43:01.800] [main/DEBUG] [net.minecraftforge.fml.loading.ModSorter/LOADING]: Found 0 mod requirements missing (0 mandatory, 0 optional)
[17Mar2026 09:43:02.200] [main/DEBUG] [cpw.mods.modlauncher.TransformationServicesHandler/MODLAUNCHER]: Transformation services loading transformers
[17Mar2026 09:43:02.201] [main/DEBUG] [cpw.mods.modlauncher.TransformationServiceDecorator/MODLAUNCHER]: Initializing transformers for transformation service mixin
[17Mar2026 09:43:02.202] [main/DEBUG] [cpw.mods.modlauncher.TransformationServiceDecorator/MODLAUNCHER]: Initialized transformers for transformation service mixin
[17Mar2026 09:43:02.202] [main/DEBUG] [cpw.mods.modlauncher.TransformationServiceDecorator/MODLAUNCHER]: Initializing transformers for transformation service fml
[17Mar2026 09:43:02.202] [main/DEBUG] [net.minecraftforge.fml.loading.FMLServiceProvider/CORE]: Loading coremod transformers
[17Mar2026 09:43:02.202] [main/DEBUG] [net.minecraftforge.coremod.CoreModEngine/COREMOD]: Loading CoreMod from coremods/field_to_method.js
[17Mar2026 09:43:02.395] [main/DEBUG] [net.minecraftforge.coremod.CoreModEngine/COREMOD]: CoreMod loaded successfully
[17Mar2026 09:43:02.396] [main/DEBUG] [net.minecraftforge.coremod.CoreModEngine/COREMOD]: Loading CoreMod from coremods/field_to_instanceof.js
[17Mar2026 09:43:02.479] [main/DEBUG] [net.minecraftforge.coremod.CoreModEngine/COREMOD]: CoreMod loaded successfully
[17Mar2026 09:43:02.480] [main/DEBUG] [net.minecraftforge.coremod.CoreModEngine/COREMOD]: Loading CoreMod from coremods/add_bouncer_method.js
[17Mar2026 09:43:02.519] [main/DEBUG] [net.minecraftforge.coremod.CoreModEngine/COREMOD]: CoreMod loaded successfully
[17Mar2026 09:43:02.520] [main/DEBUG] [net.minecraftforge.coremod.CoreModEngine/COREMOD]: Loading CoreMod from coremods/method_redirector.js
[17Mar2026 09:43:02.601] [main/DEBUG] [net.minecraftforge.coremod.CoreModEngine/COREMOD]: CoreMod loaded successfully
[17Mar2026 09:43:02.612] [main/DEBUG] [cpw.mods.modlauncher.TransformStore/MODLAUNCHER]: Adding transformer net.minecraftforge.coremod.transformer.CoreModClassTransformer@106d77da to Target : CLASS {Lnet/minecraft/world/level/biome/Biome;} {} {V}
[17Mar2026 09:43:02.613] [main/DEBUG] [cpw.mods.modlauncher.TransformStore/MODLAUNCHER]: Adding transformer net.minecraftforge.coremod.transformer.CoreModClassTransformer@f324455 to Target : CLASS {Lnet/minecraft/world/level/levelgen/structure/Structure;} {} {V}
[17Mar2026 09:43:02.613] [main/DEBUG] [cpw.mods.modlauncher.TransformStore/MODLAUNCHER]: Adding transformer net.minecraftforge.coremod.transformer.CoreModClassTransformer@3a894088 to Target : CLASS {Lnet/minecraft/world/effect/MobEffectInstance;} {} {V}
[17Mar2026 09:43:02.614] [main/DEBUG] [cpw.mods.modlauncher.TransformStore/MODLAUNCHER]: Adding transformer net.minecraftforge.coremod.transformer.CoreModClassTransformer@370c1968 to Target : CLASS {Lnet/minecraft/world/level/block/LiquidBlock;} {} {V}
[17Mar2026 09:43:02.614] [main/DEBUG] [cpw.mods.modlauncher.TransformStore/MODLAUNCHER]: Adding transformer net.minecraftforge.coremod.transformer.CoreModClassTransformer@2f0bfe17 to Target : CLASS {Lnet/minecraft/world/item/BucketItem;} {} {V}
[17Mar2026 09:43:02.614] [main/DEBUG] [cpw.mods.modlauncher.TransformStore/MODLAUNCHER]: Adding transformer net.minecraftforge.coremod.transformer.CoreModClassTransformer@3206174f to Target : CLASS {Lnet/minecraft/world/level/block/StairBlock;} {} {V}
[17Mar2026 09:43:02.614] [main/DEBUG] [cpw.mods.modlauncher.TransformStore/MODLAUNCHER]: Adding transformer net.minecraftforge.coremod.transformer.CoreModClassTransformer@42fb8c87 to Target : CLASS {Lnet/minecraft/world/level/block/FlowerPotBlock;} {} {V}
[17Mar2026 09:43:02.615] [main/DEBUG] [cpw.mods.modlauncher.TransformStore/MODLAUNCHER]: Adding transformer net.minecraftforge.coremod.transformer.CoreModClassTransformer@15eb0ae9 to Target : CLASS {Lnet/minecraft/world/item/ItemStack;} {} {V}
[17Mar2026 09:43:02.615] [main/DEBUG] [cpw.mods.modlauncher.TransformStore/MODLAUNCHER]: Adding transformer net.minecraftforge.coremod.transformer.CoreModClassTransformer@65e0b505 to Target : CLASS {Lnet/minecraft/network/play/client/CClientSettingsPacket;} {} {V}
[17Mar2026 09:43:02.615] [main/DEBUG] [cpw.mods.modlauncher.TransformStore/MODLAUNCHER]: Adding transformer net.minecraftforge.coremod.transformer.CoreModClassTransformer@67de7a99 to Target : CLASS {Lnet/minecraft/world/entity/monster/Spider;} {} {V}
[17Mar2026 09:43:02.616] [main/DEBUG] [cpw.mods.modlauncher.TransformStore/MODLAUNCHER]: Adding transformer net.minecraftforge.coremod.transformer.CoreModClassTransformer@67de7a99 to Target : CLASS {Lnet/minecraft/world/level/levelgen/PhantomSpawner;} {} {V}
[17Mar2026 09:43:02.616] [main/DEBUG] [cpw.mods.modlauncher.TransformStore/MODLAUNCHER]: Adding transformer net.minecraftforge.coremod.transformer.CoreModClassTransformer@67de7a99 to Target : CLASS {Lnet/minecraft/world/entity/npc/Villager;} {} {V}
[17Mar2026 09:43:02.616] [main/DEBUG] [cpw.mods.modlauncher.TransformStore/MODLAUNCHER]: Adding transformer net.minecraftforge.coremod.transformer.CoreModClassTransformer@67de7a99 to Target : CLASS {Lnet/minecraft/world/level/levelgen/PatrolSpawner;} {} {V}
[17Mar2026 09:43:02.616] [main/DEBUG] [cpw.mods.modlauncher.TransformStore/MODLAUNCHER]: Adding transformer net.minecraftforge.coremod.transformer.CoreModClassTransformer@67de7a99 to Target : CLASS {Lnet/minecraft/world/level/levelgen/structure/structures/OceanMonumentPieces$OceanMonumentPiece;} {} {V}
[17Mar2026 09:43:02.616] [main/DEBUG] [cpw.mods.modlauncher.TransformStore/MODLAUNCHER]: Adding transformer net.minecraftforge.coremod.transformer.CoreModClassTransformer@67de7a99 to Target : CLASS {Lnet/minecraft/server/commands/SummonCommand;} {} {V}
[17Mar2026 09:43:02.617] [main/DEBUG] [cpw.mods.modlauncher.TransformStore/MODLAUNCHER]: Adding transformer net.minecraftforge.coremod.transformer.CoreModClassTransformer@67de7a99 to Target : CLASS {Lnet/minecraft/server/commands/RaidCommand;} {} {V}
[17Mar2026 09:43:02.617] [main/DEBUG] [cpw.mods.modlauncher.TransformStore/MODLAUNCHER]: Adding transformer net.minecraftforge.coremod.transformer.CoreModClassTransformer@67de7a99 to Target : CLASS {Lnet/minecraft/world/level/levelgen/structure/structures/WoodlandMansionPieces$WoodlandMansionPiece;} {} {V}
[17Mar2026 09:43:02.617] [main/DEBUG] [cpw.mods.modlauncher.TransformStore/MODLAUNCHER]: Adding transformer net.minecraftforge.coremod.transformer.CoreModClassTransformer@67de7a99 to Target : CLASS {Lnet/minecraft/world/entity/animal/horse/SkeletonTrapGoal;} {} {V}
[17Mar2026 09:43:02.617] [main/DEBUG] [cpw.mods.modlauncher.TransformStore/MODLAUNCHER]: Adding transformer net.minecraftforge.coremod.transformer.CoreModClassTransformer@67de7a99 to Target : CLASS {Lnet/minecraft/world/entity/monster/ZombieVillager;} {} {V}
[17Mar2026 09:43:02.618] [main/DEBUG] [cpw.mods.modlauncher.TransformStore/MODLAUNCHER]: Adding transformer net.minecraftforge.coremod.transformer.CoreModClassTransformer@67de7a99 to Target : CLASS {Lnet/minecraft/world/entity/ai/village/VillageSiege;} {} {V}
[17Mar2026 09:43:02.618] [main/DEBUG] [cpw.mods.modlauncher.TransformStore/MODLAUNCHER]: Adding transformer net.minecraftforge.coremod.transformer.CoreModClassTransformer@67de7a99 to Target : CLASS {Lnet/minecraft/world/level/levelgen/structure/templatesystem/StructureTemplate;} {} {V}
[17Mar2026 09:43:02.618] [main/DEBUG] [cpw.mods.modlauncher.TransformStore/MODLAUNCHER]: Adding transformer net.minecraftforge.coremod.transformer.CoreModClassTransformer@67de7a99 to Target : CLASS {Lnet/minecraft/world/entity/npc/CatSpawner;} {} {V}
[17Mar2026 09:43:02.618] [main/DEBUG] [cpw.mods.modlauncher.TransformStore/MODLAUNCHER]: Adding transformer net.minecraftforge.coremod.transformer.CoreModClassTransformer@67de7a99 to Target : CLASS {Lnet/minecraft/world/level/levelgen/structure/structures/OceanRuinPieces$OceanRuinPiece;} {} {V}
[17Mar2026 09:43:02.618] [main/DEBUG] [cpw.mods.modlauncher.TransformStore/MODLAUNCHER]: Adding transformer net.minecraftforge.coremod.transformer.CoreModClassTransformer@67de7a99 to Target : CLASS {Lnet/minecraft/world/entity/monster/Zombie;} {} {V}
[17Mar2026 09:43:02.619] [main/DEBUG] [cpw.mods.modlauncher.TransformStore/MODLAUNCHER]: Adding transformer net.minecraftforge.coremod.transformer.CoreModClassTransformer@67de7a99 to Target : CLASS {Lnet/minecraft/world/entity/raid/Raid;} {} {V}
[17Mar2026 09:43:02.619] [main/DEBUG] [cpw.mods.modlauncher.TransformStore/MODLAUNCHER]: Adding transformer net.minecraftforge.coremod.transformer.CoreModClassTransformer@67de7a99 to Target : CLASS {Lnet/minecraft/world/entity/monster/Strider;} {} {V}
[17Mar2026 09:43:02.619] [main/DEBUG] [cpw.mods.modlauncher.TransformStore/MODLAUNCHER]: Adding transformer net.minecraftforge.coremod.transformer.CoreModClassTransformer@67de7a99 to Target : CLASS {Lnet/minecraft/world/entity/animal/frog/Tadpole;} {} {V}
[17Mar2026 09:43:02.619] [main/DEBUG] [cpw.mods.modlauncher.TransformStore/MODLAUNCHER]: Adding transformer net.minecraftforge.coremod.transformer.CoreModClassTransformer@67de7a99 to Target : CLASS {Lnet/minecraft/world/entity/monster/Evoker$EvokerSummonSpellGoal;} {} {V}
[17Mar2026 09:43:02.620] [main/DEBUG] [cpw.mods.modlauncher.TransformStore/MODLAUNCHER]: Adding transformer net.minecraftforge.coremod.transformer.CoreModClassTransformer@67de7a99 to Target : CLASS {Lnet/minecraft/world/level/NaturalSpawner;} {} {V}
[17Mar2026 09:43:02.620] [main/DEBUG] [cpw.mods.modlauncher.TransformStore/MODLAUNCHER]: Adding transformer net.minecraftforge.coremod.transformer.CoreModClassTransformer@67de7a99 to Target : CLASS {Lnet/minecraft/world/entity/EntityType;} {} {V}
[17Mar2026 09:43:02.620] [main/DEBUG] [cpw.mods.modlauncher.TransformStore/MODLAUNCHER]: Adding transformer net.minecraftforge.coremod.transformer.CoreModClassTransformer@67de7a99 to Target : CLASS {Lnet/minecraft/world/level/levelgen/structure/structures/SwampHutPiece;} {} {V}
[17Mar2026 09:43:02.620] [main/DEBUG] [cpw.mods.modlauncher.TransformationServiceDecorator/MODLAUNCHER]: Initialized transformers for transformation service fml
[17Mar2026 09:43:02.935] [main/DEBUG] [mixin/]: Processing prepare() for PlatformAgent[MixinPlatformAgentDefault:ModLauncher Root Container(ModLauncher:4f56a0a2)]
[17Mar2026 09:43:02.936] [main/DEBUG] [mixin/]: Processing launch tasks for PlatformAgent[MixinPlatformAgentDefault:ModLauncher Root Container(ModLauncher:4f56a0a2)]
[17Mar2026 09:43:02.936] [main/DEBUG] [mixin/]: Adding mixin platform agents for container SecureJarResource(minecraft)
[17Mar2026 09:43:02.936] [main/DEBUG] [mixin/]: Instancing new MixinPlatformAgentMinecraftForge for SecureJarResource(minecraft)
[17Mar2026 09:43:02.936] [main/DEBUG] [mixin/]: MixinPlatformAgentMinecraftForge rejected container SecureJarResource(minecraft)
[17Mar2026 09:43:02.936] [main/DEBUG] [mixin/]: Instancing new MixinPlatformAgentDefault for SecureJarResource(minecraft)
[17Mar2026 09:43:02.937] [main/DEBUG] [mixin/]: MixinPlatformAgentDefault accepted container SecureJarResource(minecraft)
[17Mar2026 09:43:02.937] [main/DEBUG] [mixin/]: Processing prepare() for PlatformAgent[MixinPlatformAgentDefault:SecureJarResource(minecraft)]
[17Mar2026 09:43:02.937] [main/DEBUG] [mixin/]: Adding mixin platform agents for container SecureJarResource(forge)
[17Mar2026 09:43:02.937] [main/DEBUG] [mixin/]: Instancing new MixinPlatformAgentMinecraftForge for SecureJarResource(forge)
[17Mar2026 09:43:02.937] [main/DEBUG] [mixin/]: MixinPlatformAgentMinecraftForge rejected container SecureJarResource(forge)
[17Mar2026 09:43:02.937] [main/DEBUG] [mixin/]: Instancing new MixinPlatformAgentDefault for SecureJarResource(forge)
[17Mar2026 09:43:02.937] [main/DEBUG] [mixin/]: MixinPlatformAgentDefault accepted container SecureJarResource(forge)
[17Mar2026 09:43:02.937] [main/DEBUG] [mixin/]: Processing prepare() for PlatformAgent[MixinPlatformAgentDefault:SecureJarResource(forge)]
[17Mar2026 09:43:02.938] [main/DEBUG] [mixin/]: inject() running with 3 agents
[17Mar2026 09:43:02.938] [main/DEBUG] [mixin/]: Processing inject() for PlatformAgent[MixinPlatformAgentDefault:ModLauncher Root Container(ModLauncher:4f56a0a2)]
[17Mar2026 09:43:02.938] [main/DEBUG] [mixin/]: Processing inject() for PlatformAgent[MixinPlatformAgentDefault:SecureJarResource(minecraft)]
[17Mar2026 09:43:02.938] [main/DEBUG] [mixin/]: Processing inject() for PlatformAgent[MixinPlatformAgentDefault:SecureJarResource(forge)]
[17Mar2026 09:43:02.938] [main/INFO] [cpw.mods.modlauncher.LaunchServiceHandler/MODLAUNCHER]: Launching target 'forgeserver' with arguments []
[17Mar2026 09:43:02.975] [main/DEBUG] [mixin/]: Error cleaning class output directory: .mixin.out
[17Mar2026 09:43:02.977] [main/DEBUG] [mixin/]: Preparing mixins for MixinEnvironment[DEFAULT]
[17Mar2026 09:43:03.033] [main/DEBUG] [io.netty.util.internal.logging.InternalLoggerFactory/]: Using SLF4J as the default logging framework
[17Mar2026 09:43:03.036] [main/DEBUG] [io.netty.util.ResourceLeakDetector/]: -Dio.netty.leakDetection.level: simple
[17Mar2026 09:43:03.036] [main/DEBUG] [io.netty.util.ResourceLeakDetector/]: -Dio.netty.leakDetection.targetRecords: 4
[17Mar2026 09:43:03.207] [main/DEBUG] [oshi.util.FileUtil/]: No oshi.properties file found from ClassLoader cpw.mods.modlauncher.TransformingClassLoader@a22c4d8
[17Mar2026 09:43:03.207] [main/DEBUG] [oshi.util.FileUtil/]: No oshi.properties file found from ClassLoader jdk.internal.loader.ClassLoaders$AppClassLoader@4783da3f
[17Mar2026 09:43:03.275] [main/DEBUG] [oshi.util.FileUtil/]: Reading file /proc/self/auxv
[17Mar2026 09:43:03.276] [main/DEBUG] [oshi.util.FileUtil/]: Reading file /proc/self/auxv
[17Mar2026 09:43:03.307] [main/DEBUG] [oshi.util.FileUtil/]: Reading file /proc/stat
[17Mar2026 09:43:03.310] [main/DEBUG] [oshi.util.FileUtil/]: Reading file /sys/devices/system/cpu/cpu3/uevent
[17Mar2026 09:43:03.310] [main/DEBUG] [oshi.util.FileUtil/]: Reading file /sys/devices/system/cpu/cpu3/uevent
[17Mar2026 09:43:03.311] [main/DEBUG] [oshi.util.FileUtil/]: Reading file /sys/devices/system/cpu/cpu3/topology/core_id
[17Mar2026 09:43:03.311] [main/DEBUG] [oshi.util.FileUtil/]: Reading file /sys/devices/system/cpu/cpu3/topology/core_id
[17Mar2026 09:43:03.311] [main/DEBUG] [oshi.util.FileUtil/]: Reading file /sys/devices/system/cpu/cpu3/topology/physical_package_id
[17Mar2026 09:43:03.312] [main/DEBUG] [oshi.util.FileUtil/]: Reading file /sys/devices/system/cpu/cpu3/topology/physical_package_id
[17Mar2026 09:43:03.312] [main/DEBUG] [oshi.util.FileUtil/]: Reading file /sys/devices/system/cpu/cpu3/cpu_capacity
[17Mar2026 09:43:03.312] [main/DEBUG] [oshi.util.FileUtil/]: Reading file /sys/devices/system/cpu/cpu3/cpu_capacity
[17Mar2026 09:43:03.320] [main/DEBUG] [oshi.util.FileUtil/]: Reading file /sys/devices/system/cpu/cpu1/uevent
[17Mar2026 09:43:03.320] [main/DEBUG] [oshi.util.FileUtil/]: Reading file /sys/devices/system/cpu/cpu1/uevent
[17Mar2026 09:43:03.323] [main/DEBUG] [oshi.util.FileUtil/]: Reading file /sys/devices/system/cpu/cpu1/topology/core_id
[17Mar2026 09:43:03.323] [main/DEBUG] [oshi.util.FileUtil/]: Reading file /sys/devices/system/cpu/cpu1/topology/core_id
[17Mar2026 09:43:03.324] [main/DEBUG] [oshi.util.FileUtil/]: Reading file /sys/devices/system/cpu/cpu1/topology/physical_package_id
[17Mar2026 09:43:03.324] [main/DEBUG] [oshi.util.FileUtil/]: Reading file /sys/devices/system/cpu/cpu1/topology/physical_package_id
[17Mar2026 09:43:03.324] [main/DEBUG] [oshi.util.FileUtil/]: Reading file /sys/devices/system/cpu/cpu1/cpu_capacity
[17Mar2026 09:43:03.324] [main/DEBUG] [oshi.util.FileUtil/]: Reading file /sys/devices/system/cpu/cpu1/cpu_capacity
[17Mar2026 09:43:03.330] [main/DEBUG] [oshi.util.FileUtil/]: Reading file /sys/devices/system/cpu/cpu2/uevent
[17Mar2026 09:43:03.330] [main/DEBUG] [oshi.util.FileUtil/]: Reading file /sys/devices/system/cpu/cpu2/uevent
[17Mar2026 09:43:03.330] [main/DEBUG] [oshi.util.FileUtil/]: Reading file /sys/devices/system/cpu/cpu2/topology/core_id
[17Mar2026 09:43:03.331] [main/DEBUG] [oshi.util.FileUtil/]: Reading file /sys/devices/system/cpu/cpu2/topology/core_id
[17Mar2026 09:43:03.331] [main/DEBUG] [oshi.util.FileUtil/]: Reading file /sys/devices/system/cpu/cpu2/topology/physical_package_id
[17Mar2026 09:43:03.331] [main/DEBUG] [oshi.util.FileUtil/]: Reading file /sys/devices/system/cpu/cpu2/topology/physical_package_id
[17Mar2026 09:43:03.331] [main/DEBUG] [oshi.util.FileUtil/]: Reading file /sys/devices/system/cpu/cpu2/cpu_capacity
[17Mar2026 09:43:03.331] [main/DEBUG] [oshi.util.FileUtil/]: Reading file /sys/devices/system/cpu/cpu2/cpu_capacity
[17Mar2026 09:43:03.334] [main/DEBUG] [oshi.util.FileUtil/]: Reading file /sys/devices/system/cpu/cpu0/uevent
[17Mar2026 09:43:03.334] [main/DEBUG] [oshi.util.FileUtil/]: Reading file /sys/devices/system/cpu/cpu0/uevent
[17Mar2026 09:43:03.335] [main/DEBUG] [oshi.util.FileUtil/]: Reading file /sys/devices/system/cpu/cpu0/topology/core_id
[17Mar2026 09:43:03.335] [main/DEBUG] [oshi.util.FileUtil/]: Reading file /sys/devices/system/cpu/cpu0/topology/core_id
[17Mar2026 09:43:03.335] [main/DEBUG] [oshi.util.FileUtil/]: Reading file /sys/devices/system/cpu/cpu0/topology/physical_package_id
[17Mar2026 09:43:03.335] [main/DEBUG] [oshi.util.FileUtil/]: Reading file /sys/devices/system/cpu/cpu0/topology/physical_package_id
[17Mar2026 09:43:03.336] [main/DEBUG] [oshi.util.FileUtil/]: Reading file /sys/devices/system/cpu/cpu0/cpu_capacity
[17Mar2026 09:43:03.336] [main/DEBUG] [oshi.util.FileUtil/]: Reading file /sys/devices/system/cpu/cpu0/cpu_capacity
[17Mar2026 09:43:03.341] [main/DEBUG] [oshi.util.FileUtil/]: Reading file /proc/cpuinfo
[17Mar2026 09:43:03.401] [main/DEBUG] [oshi.util.FileUtil/]: Reading file /proc/self/auxv
[17Mar2026 09:43:03.403] [main/DEBUG] [oshi.util.FileUtil/]: No oshi.architecture.properties file found from ClassLoader cpw.mods.modlauncher.TransformingClassLoader@a22c4d8
[17Mar2026 09:43:03.403] [main/DEBUG] [oshi.util.FileUtil/]: No oshi.architecture.properties file found from ClassLoader jdk.internal.loader.ClassLoaders$AppClassLoader@4783da3f
[17Mar2026 09:43:03.502] [main/DEBUG] [oshi.util.FileUtil/]: Reading file /proc/meminfo
[17Mar2026 09:43:03.504] [main/DEBUG] [oshi.util.FileUtil/]: Reading file /proc/meminfo
[17Mar2026 09:43:03.862] [main/DEBUG] [net.minecraftforge.coremod.transformer.CoreModBaseTransformer/COREMOD]: Transforming net/minecraft/world/entity/EntityType
[17Mar2026 09:43:04.353] [main/DEBUG] [net.minecraftforge.coremod.transformer.CoreModBaseTransformer/COREMOD]: Transforming net/minecraft/world/level/block/LiquidBlock
[17Mar2026 09:43:04.400] [main/DEBUG] [net.minecraftforge.coremod.transformer.CoreModBaseTransformer/COREMOD]: Transforming net/minecraft/world/level/block/StairBlock
[17Mar2026 09:43:04.482] [main/DEBUG] [net.minecraftforge.coremod.transformer.CoreModBaseTransformer/COREMOD]: Transforming net/minecraft/world/level/block/FlowerPotBlock
[17Mar2026 09:43:05.424] [main/DEBUG] [net.minecraftforge.coremod.transformer.CoreModBaseTransformer/COREMOD]: Transforming net/minecraft/world/item/ItemStack
[17Mar2026 09:43:06.276] [main/DEBUG] [net.minecraftforge.coremod.transformer.CoreModBaseTransformer/COREMOD]: Transforming net/minecraft/world/entity/animal/frog/Tadpole
[17Mar2026 09:43:06.356] [main/DEBUG] [net.minecraftforge.coremod.transformer.CoreModBaseTransformer/COREMOD]: Transforming net/minecraft/world/item/BucketItem
[17Mar2026 09:43:07.410] [main/DEBUG] [net.minecraftforge.coremod.transformer.CoreModBaseTransformer/COREMOD]: Transforming net/minecraft/world/entity/monster/Spider
[17Mar2026 09:43:07.477] [main/DEBUG] [net.minecraftforge.coremod.transformer.CoreModBaseTransformer/COREMOD]: Transforming net/minecraft/world/entity/monster/Zombie
[17Mar2026 09:43:07.555] [main/DEBUG] [net.minecraftforge.coremod.transformer.CoreModBaseTransformer/COREMOD]: Transforming net/minecraft/world/entity/monster/ZombieVillager
[17Mar2026 09:43:07.700] [main/DEBUG] [net.minecraftforge.coremod.transformer.CoreModBaseTransformer/COREMOD]: Transforming net/minecraft/world/entity/monster/Evoker$EvokerSummonSpellGoal
[17Mar2026 09:43:07.939] [main/DEBUG] [net.minecraftforge.coremod.transformer.CoreModBaseTransformer/COREMOD]: Transforming net/minecraft/world/entity/animal/horse/SkeletonTrapGoal
[17Mar2026 09:43:07.968] [main/DEBUG] [net.minecraftforge.coremod.transformer.CoreModBaseTransformer/COREMOD]: Transforming net/minecraft/world/entity/monster/Strider
[17Mar2026 09:43:08.142] [main/DEBUG] [net.minecraftforge.coremod.transformer.CoreModBaseTransformer/COREMOD]: Transforming net/minecraft/world/entity/npc/Villager
[17Mar2026 09:43:08.313] [main/DEBUG] [net.minecraftforge.coremod.transformer.CoreModBaseTransformer/COREMOD]: Transforming net/minecraft/world/effect/MobEffectInstance
[17Mar2026 09:43:09.123] [main/DEBUG] [net.minecraftforge.coremod.transformer.CoreModBaseTransformer/COREMOD]: Transforming net/minecraft/world/level/levelgen/structure/Structure
[17Mar2026 09:43:09.175] [main/DEBUG] [net.minecraftforge.coremod.transformer.CoreModBaseTransformer/COREMOD]: Transforming net/minecraft/world/level/levelgen/structure/structures/OceanRuinPieces$OceanRuinPiece
[17Mar2026 09:43:09.195] [main/DEBUG] [net.minecraftforge.coremod.transformer.CoreModBaseTransformer/COREMOD]: Transforming net/minecraft/world/level/levelgen/structure/structures/SwampHutPiece
[17Mar2026 09:43:09.215] [main/DEBUG] [net.minecraftforge.coremod.transformer.CoreModBaseTransformer/COREMOD]: Transforming net/minecraft/world/level/levelgen/structure/structures/OceanMonumentPieces$OceanMonumentPiece
[17Mar2026 09:43:09.243] [main/DEBUG] [net.minecraftforge.coremod.transformer.CoreModBaseTransformer/COREMOD]: Transforming net/minecraft/world/level/levelgen/structure/structures/WoodlandMansionPieces$WoodlandMansionPiece
[17Mar2026 09:43:09.393] [main/DEBUG] [net.minecraftforge.coremod.transformer.CoreModBaseTransformer/COREMOD]: Transforming net/minecraft/world/level/biome/Biome
[17Mar2026 09:43:09.692] [main/DEBUG] [io.netty.util.internal.PlatformDependent0/]: -Dio.netty.noUnsafe: false
[17Mar2026 09:43:09.693] [main/DEBUG] [io.netty.util.internal.PlatformDependent0/]: Java version: 21
[17Mar2026 09:43:09.694] [main/DEBUG] [io.netty.util.internal.PlatformDependent0/]: sun.misc.Unsafe.theUnsafe: available
[17Mar2026 09:43:09.694] [main/DEBUG] [io.netty.util.internal.PlatformDependent0/]: sun.misc.Unsafe.copyMemory: available
[17Mar2026 09:43:09.695] [main/DEBUG] [io.netty.util.internal.PlatformDependent0/]: sun.misc.Unsafe.storeFence: available
[17Mar2026 09:43:09.695] [main/DEBUG] [io.netty.util.internal.PlatformDependent0/]: java.nio.Buffer.address: available
[17Mar2026 09:43:09.696] [main/DEBUG] [io.netty.util.internal.PlatformDependent0/]: direct buffer constructor: unavailable
java.lang.NoSuchMethodException: java.nio.DirectByteBuffer.<init>(long,int)
	at java.lang.Class.getConstructor0(Class.java:3763) ~[?:?]
	at java.lang.Class.getDeclaredConstructor(Class.java:2932) ~[?:?]
	at io.netty.util.internal.PlatformDependent0$5.run(PlatformDependent0.java:287) ~[netty-common-4.1.82.Final.jar%2382!/:4.1.82.Final]
	at java.security.AccessController.doPrivileged(AccessController.java:319) ~[?:?]
	at io.netty.util.internal.PlatformDependent0.<clinit>(PlatformDependent0.java:282) ~[netty-common-4.1.82.Final.jar%2382!/:4.1.82.Final]
	at io.netty.util.internal.PlatformDependent.isAndroid(PlatformDependent.java:333) ~[netty-common-4.1.82.Final.jar%2382!/:4.1.82.Final]
	at io.netty.util.internal.PlatformDependent.<clinit>(PlatformDependent.java:88) ~[netty-common-4.1.82.Final.jar%2382!/:4.1.82.Final]
	at io.netty.util.ConstantPool.<init>(ConstantPool.java:34) ~[netty-common-4.1.82.Final.jar%2382!/:4.1.82.Final]
	at io.netty.util.AttributeKey$1.<init>(AttributeKey.java:27) ~[netty-common-4.1.82.Final.jar%2382!/:4.1.82.Final]
	at io.netty.util.AttributeKey.<clinit>(AttributeKey.java:27) ~[netty-common-4.1.82.Final.jar%2382!/:4.1.82.Final]
	at net.minecraftforge.network.NetworkConstants.<clinit>(NetworkConstants.java:34) ~[forge-1.20.1-47.4.16-universal.jar%23106!/:?]
	at net.minecraftforge.network.NetworkHooks.init(NetworkHooks.java:52) ~[forge-1.20.1-47.4.16-universal.jar%23106!/:?]
	at net.minecraft.server.Bootstrap.m_135870_(Bootstrap.java:62) ~[server-1.20.1-20230612.114412-srg.jar%23101!/:?]
	at net.minecraft.server.Main.main(Main.java:121) ~[server-1.20.1-20230612.114412-srg.jar%23101!/:?]
	at jdk.internal.reflect.DirectMethodHandleAccessor.invoke(DirectMethodHandleAccessor.java:103) ~[?:?]
	at java.lang.reflect.Method.invoke(Method.java:580) ~[?:?]
	at net.minecraftforge.fml.loading.targets.CommonLaunchHandler.runTarget(CommonLaunchHandler.java:111) ~[fmlloader-1.20.1-47.4.16.jar%2369!/:?]
	at net.minecraftforge.fml.loading.targets.CommonLaunchHandler.serverService(CommonLaunchHandler.java:103) ~[fmlloader-1.20.1-47.4.16.jar%2369!/:?]
	at net.minecraftforge.fml.loading.targets.CommonServerLaunchHandler.lambda$makeService$0(CommonServerLaunchHandler.java:27) ~[fmlloader-1.20.1-47.4.16.jar%2369!/:?]
	at cpw.mods.modlauncher.LaunchServiceHandlerDecorator.launch(LaunchServiceHandlerDecorator.java:30) ~[modlauncher-10.0.9.jar%2355!/:?]
	at cpw.mods.modlauncher.LaunchServiceHandler.launch(LaunchServiceHandler.java:53) ~[modlauncher-10.0.9.jar%2355!/:?]
	at cpw.mods.modlauncher.LaunchServiceHandler.launch(LaunchServiceHandler.java:71) ~[modlauncher-10.0.9.jar%2355!/:?]
	at cpw.mods.modlauncher.Launcher.run(Launcher.java:108) ~[modlauncher-10.0.9.jar%2355!/:?]
	at cpw.mods.modlauncher.Launcher.main(Launcher.java:78) ~[modlauncher-10.0.9.jar%2355!/:?]
	at cpw.mods.modlauncher.BootstrapLaunchConsumer.accept(BootstrapLaunchConsumer.java:26) ~[modlauncher-10.0.9.jar%2355!/:?]
	at cpw.mods.modlauncher.BootstrapLaunchConsumer.accept(BootstrapLaunchConsumer.java:23) ~[modlauncher-10.0.9.jar%2355!/:?]
	at cpw.mods.bootstraplauncher.BootstrapLauncher.main(BootstrapLauncher.java:141) ~[bootstraplauncher-1.1.2.jar:?]
[17Mar2026 09:43:09.697] [main/DEBUG] [io.netty.util.internal.PlatformDependent0/]: java.nio.Bits.unaligned: available, true
[17Mar2026 09:43:09.698] [main/DEBUG] [io.netty.util.internal.PlatformDependent0/]: jdk.internal.misc.Unsafe.allocateUninitializedArray(int): unavailable
java.lang.IllegalAccessException: class io.netty.util.internal.PlatformDependent0$7 (in module io.netty.common) cannot access class jdk.internal.misc.Unsafe (in module java.base) because module java.base does not export jdk.internal.misc to module io.netty.common
	at jdk.internal.reflect.Reflection.newIllegalAccessException(Reflection.java:394) ~[?:?]
	at java.lang.reflect.AccessibleObject.checkAccess(AccessibleObject.java:714) ~[?:?]
	at java.lang.reflect.Method.invoke(Method.java:571) ~[?:?]
	at io.netty.util.internal.PlatformDependent0$7.run(PlatformDependent0.java:410) ~[netty-common-4.1.82.Final.jar%2382!/:4.1.82.Final]
	at java.security.AccessController.doPrivileged(AccessController.java:319) ~[?:?]
	at io.netty.util.internal.PlatformDependent0.<clinit>(PlatformDependent0.java:401) ~[netty-common-4.1.82.Final.jar%2382!/:4.1.82.Final]
	at io.netty.util.internal.PlatformDependent.isAndroid(PlatformDependent.java:333) ~[netty-common-4.1.82.Final.jar%2382!/:4.1.82.Final]
	at io.netty.util.internal.PlatformDependent.<clinit>(PlatformDependent.java:88) ~[netty-common-4.1.82.Final.jar%2382!/:4.1.82.Final]
	at io.netty.util.ConstantPool.<init>(ConstantPool.java:34) ~[netty-common-4.1.82.Final.jar%2382!/:4.1.82.Final]
	at io.netty.util.AttributeKey$1.<init>(AttributeKey.java:27) ~[netty-common-4.1.82.Final.jar%2382!/:4.1.82.Final]
	at io.netty.util.AttributeKey.<clinit>(AttributeKey.java:27) ~[netty-common-4.1.82.Final.jar%2382!/:4.1.82.Final]
	at net.minecraftforge.network.NetworkConstants.<clinit>(NetworkConstants.java:34) ~[forge-1.20.1-47.4.16-universal.jar%23106!/:?]
	at net.minecraftforge.network.NetworkHooks.init(NetworkHooks.java:52) ~[forge-1.20.1-47.4.16-universal.jar%23106!/:?]
	at net.minecraft.server.Bootstrap.m_135870_(Bootstrap.java:62) ~[server-1.20.1-20230612.114412-srg.jar%23101!/:?]
	at net.minecraft.server.Main.main(Main.java:121) ~[server-1.20.1-20230612.114412-srg.jar%23101!/:?]
	at jdk.internal.reflect.DirectMethodHandleAccessor.invoke(DirectMethodHandleAccessor.java:103) ~[?:?]
	at java.lang.reflect.Method.invoke(Method.java:580) ~[?:?]
	at net.minecraftforge.fml.loading.targets.CommonLaunchHandler.runTarget(CommonLaunchHandler.java:111) ~[fmlloader-1.20.1-47.4.16.jar%2369!/:?]
	at net.minecraftforge.fml.loading.targets.CommonLaunchHandler.serverService(CommonLaunchHandler.java:103) ~[fmlloader-1.20.1-47.4.16.jar%2369!/:?]
	at net.minecraftforge.fml.loading.targets.CommonServerLaunchHandler.lambda$makeService$0(CommonServerLaunchHandler.java:27) ~[fmlloader-1.20.1-47.4.16.jar%2369!/:?]
	at cpw.mods.modlauncher.LaunchServiceHandlerDecorator.launch(LaunchServiceHandlerDecorator.java:30) ~[modlauncher-10.0.9.jar%2355!/:?]
	at cpw.mods.modlauncher.LaunchServiceHandler.launch(LaunchServiceHandler.java:53) ~[modlauncher-10.0.9.jar%2355!/:?]
	at cpw.mods.modlauncher.LaunchServiceHandler.launch(LaunchServiceHandler.java:71) ~[modlauncher-10.0.9.jar%2355!/:?]
	at cpw.mods.modlauncher.Launcher.run(Launcher.java:108) ~[modlauncher-10.0.9.jar%2355!/:?]
	at cpw.mods.modlauncher.Launcher.main(Launcher.java:78) ~[modlauncher-10.0.9.jar%2355!/:?]
	at cpw.mods.modlauncher.BootstrapLaunchConsumer.accept(BootstrapLaunchConsumer.java:26) ~[modlauncher-10.0.9.jar%2355!/:?]
	at cpw.mods.modlauncher.BootstrapLaunchConsumer.accept(BootstrapLaunchConsumer.java:23) ~[modlauncher-10.0.9.jar%2355!/:?]
	at cpw.mods.bootstraplauncher.BootstrapLauncher.main(BootstrapLauncher.java:141) ~[bootstraplauncher-1.1.2.jar:?]
[17Mar2026 09:43:09.699] [main/DEBUG] [io.netty.util.internal.PlatformDependent0/]: java.nio.DirectByteBuffer.<init>(long, int): unavailable
[17Mar2026 09:43:09.700] [main/DEBUG] [io.netty.util.internal.PlatformDependent/]: sun.misc.Unsafe: available
[17Mar2026 09:43:09.700] [main/DEBUG] [io.netty.util.internal.PlatformDependent/]: maxDirectMemory: 2061500416 bytes (maybe)
[17Mar2026 09:43:09.700] [main/DEBUG] [io.netty.util.internal.PlatformDependent/]: -Dio.netty.tmpdir: /tmp (java.io.tmpdir)
[17Mar2026 09:43:09.701] [main/DEBUG] [io.netty.util.internal.PlatformDependent/]: -Dio.netty.bitMode: 64 (sun.arch.data.model)
[17Mar2026 09:43:09.701] [main/DEBUG] [io.netty.util.internal.PlatformDependent/]: -Dio.netty.maxDirectMemory: -1 bytes
[17Mar2026 09:43:09.702] [main/DEBUG] [io.netty.util.internal.PlatformDependent/]: -Dio.netty.uninitializedArrayAllocationThreshold: -1
[17Mar2026 09:43:09.704] [main/DEBUG] [io.netty.util.internal.CleanerJava9/]: java.nio.ByteBuffer.cleaner(): available
[17Mar2026 09:43:09.704] [main/DEBUG] [io.netty.util.internal.PlatformDependent/]: -Dio.netty.noPreferDirect: false
[17Mar2026 09:43:09.774] [main/DEBUG] [net.minecraftforge.network.NetworkHooks/]: Loading Network data for FML net version: FML3
[17Mar2026 09:43:09.820] [main/DEBUG] [net.minecraftforge.common.ForgeI18n/CORE]: Loading I18N data entries: 6434
[17Mar2026 09:43:09.844] [main/DEBUG] [net.minecraftforge.fml.ModWorkManager/LOADING]: Using 4 threads for parallel mod-loading
[17Mar2026 09:43:09.853] [main/DEBUG] [net.minecraftforge.fml.javafmlmod.FMLJavaModLanguageProvider/LOADING]: Loading FMLModContainer from classloader cpw.mods.modlauncher.TransformingClassLoader@a22c4d8 - got cpw.mods.cl.ModuleClassLoader@5a4c638d
[17Mar2026 09:43:09.855] [main/DEBUG] [net.minecraftforge.fml.javafmlmod.FMLModContainer/LOADING]: Creating FMLModContainer instance for net.minecraftforge.common.ForgeMod
[17Mar2026 09:43:09.904] [modloading-worker-0/DEBUG] [net.minecraftforge.versions.forge.ForgeVersion/CORE]: Forge Version package package net.minecraftforge.versions.forge, Forge, version 47.4 from cpw.mods.modlauncher.TransformingClassLoader@a22c4d8
[17Mar2026 09:43:09.905] [modloading-worker-0/DEBUG] [net.minecraftforge.versions.forge.ForgeVersion/CORE]: Found Forge version 47.4.16
[17Mar2026 09:43:09.905] [modloading-worker-0/DEBUG] [net.minecraftforge.versions.forge.ForgeVersion/CORE]: Found Forge spec 47.4
[17Mar2026 09:43:09.905] [modloading-worker-0/DEBUG] [net.minecraftforge.versions.forge.ForgeVersion/CORE]: Found Forge group net.minecraftforge
[17Mar2026 09:43:09.905] [modloading-worker-0/DEBUG] [net.minecraftforge.versions.mcp.MCPVersion/CORE]: MCP Version package package net.minecraftforge.versions.mcp, Minecraft, version 1.20.1 from cpw.mods.modlauncher.TransformingClassLoader@a22c4d8
[17Mar2026 09:43:09.906] [modloading-worker-0/DEBUG] [net.minecraftforge.versions.mcp.MCPVersion/CORE]: Found MC version information 1.20.1
[17Mar2026 09:43:09.906] [modloading-worker-0/DEBUG] [net.minecraftforge.versions.mcp.MCPVersion/CORE]: Found MCP version information 20230612.114412
[17Mar2026 09:43:09.906] [modloading-worker-0/INFO] [net.minecraftforge.common.ForgeMod/FORGEMOD]: Forge mod loading, version 47.4.16, for MC 1.20.1 with MCP 20230612.114412
[17Mar2026 09:43:09.908] [modloading-worker-0/INFO] [net.minecraftforge.common.MinecraftForge/FORGE]: MinecraftForge v47.4.16 Initialized
[17Mar2026 09:43:09.978] [modloading-worker-0/DEBUG] [net.minecraftforge.fml.config.ConfigTracker/CONFIG]: Config file forge-client.toml for forge tracking
[17Mar2026 09:43:09.978] [modloading-worker-0/DEBUG] [net.minecraftforge.fml.config.ConfigTracker/CONFIG]: Config file forge-server.toml for forge tracking
[17Mar2026 09:43:09.978] [modloading-worker-0/DEBUG] [net.minecraftforge.fml.ModLoadingContext/]: Attempted to register an empty config for type COMMON on mod forge
[17Mar2026 09:43:10.019] [modloading-worker-0/DEBUG] [net.minecraftforge.fml.javafmlmod.AutomaticEventSubscriber/LOADING]: Attempting to inject @EventBusSubscriber classes into the eventbus for forge
[17Mar2026 09:43:10.022] [modloading-worker-0/DEBUG] [net.minecraftforge.fml.javafmlmod.AutomaticEventSubscriber/LOADING]: Auto-subscribing net.minecraftforge.common.ForgeSpawnEggItem$CommonHandler to MOD
[17Mar2026 09:43:10.154] [main/DEBUG] [net.minecraftforge.common.capabilities.CapabilityManager/CAPABILITIES]: Attempting to automatically register: Lnet/minecraftforge/energy/IEnergyStorage;
[17Mar2026 09:43:10.156] [main/DEBUG] [net.minecraftforge.common.capabilities.CapabilityManager/CAPABILITIES]: Attempting to automatically register: Lnet/minecraftforge/fluids/capability/IFluidHandler;
[17Mar2026 09:43:10.156] [main/DEBUG] [net.minecraftforge.common.capabilities.CapabilityManager/CAPABILITIES]: Attempting to automatically register: Lnet/minecraftforge/fluids/capability/IFluidHandlerItem;
[17Mar2026 09:43:10.157] [main/DEBUG] [net.minecraftforge.common.capabilities.CapabilityManager/CAPABILITIES]: Attempting to automatically register: Lnet/minecraftforge/items/IItemHandler;
[17Mar2026 09:43:10.403] [main/DEBUG] [net.minecraftforge.fml.config.ConfigTracker/CONFIG]: Loading configs type COMMON
[17Mar2026 09:43:10.682] [Forge Version Check/INFO] [net.minecraftforge.fml.VersionChecker/]: [forge] Starting version check at https://files.minecraftforge.net/net/minecraftforge/forge/promotions_slim.json
[17Mar2026 09:43:11.584] [Forge Version Check/DEBUG] [net.minecraftforge.fml.VersionChecker/]: [forge] Received version check data:
{
  "homepage": "https://files.minecraftforge.net/net/minecraftforge/forge/",
  "promos": {
    "1.1-latest": "1.3.4.29",
    "1.2.3-latest": "1.4.1.64",
    "1.2.4-latest": "2.0.0.68",
    "1.2.5-latest": "3.4.9.171",
    "1.3.2-latest": "4.3.5.318",
    "1.4.0-latest": "5.0.0.326",
    "1.4.1-latest": "6.0.0.329",
    "1.4.2-latest": "6.0.1.355",
    "1.4.3-latest": "6.2.1.358",
    "1.4.4-latest": "6.3.0.378",
    "1.4.5-latest": "6.4.2.448",
    "1.4.6-latest": "6.5.0.489",
    "1.4.7-latest": "6.6.2.534",
    "1.5-latest": "7.7.0.598",
    "1.5.1-latest": "7.7.2.682",
    "1.5.2-latest": "7.8.1.738",
    "1.5.2-recommended": "7.8.1.738",
    "1.6.1-latest": "8.9.0.775",
    "1.6.2-latest": "9.10.1.871",
    "1.6.2-recommended": "9.10.1.871",
    "1.6.3-latest": "9.11.0.878",
    "1.6.4-latest": "9.11.1.1345",
    "1.6.4-recommended": "9.11.1.1345",
    "1.7.2-latest": "10.12.2.1161",
    "1.7.2-recommended": "10.12.2.1161",
    "1.7.10-latest": "10.13.4.1614",
    "1.7.10-recommended": "10.13.4.1614",
    "1.8-latest": "11.14.4.1577",
    "1.8-recommended": "11.14.4.1563",
    "1.8.8-latest": "11.15.0.1655",
    "1.8.9-latest": "11.15.1.2318",
    "1.8.9-recommended": "11.15.1.2318",
    "1.9-latest": "12.16.1.1938",
    "1.9-recommended": "12.16.1.1887",
    "1.9.4-latest": "12.17.0.2317",
    "1.9.4-recommended": "12.17.0.2317",
    "1.10-latest": "12.18.0.2000",
    "1.10.2-latest": "12.18.3.2511",
    "1.10.2-recommended": "12.18.3.2511",
    "1.11-latest": "13.19.1.2199",
    "1.11-recommended": "13.19.1.2189",
    "1.11.2-latest": "13.20.1.2588",
    "1.11.2-recommended": "13.20.1.2588",
    "1.12-latest": "14.21.1.2443",
    "1.12-recommended": "14.21.1.2387",
    "1.12.1-latest": "14.22.1.2485",
    "1.12.1-recommended": "14.22.1.2478",
    "1.12.2-latest": "14.23.5.2864",
    "1.12.2-recommended": "14.23.5.2859",
    "1.13.2-latest": "25.0.223",
    "1.14.2-latest": "26.0.63",
    "1.14.3-latest": "27.0.60",
    "1.14.4-latest": "28.2.28",
    "1.14.4-recommended": "28.2.26",
    "1.15-latest": "29.0.4",
    "1.15.1-latest": "30.0.51",
    "1.15.2-latest": "31.2.60",
    "1.15.2-recommended": "31.2.57",
    "1.16.1-latest": "32.0.108",
    "1.16.2-latest": "33.0.61",
    "1.16.3-latest": "34.1.42",
    "1.16.3-recommended": "34.1.0",
    "1.16.4-latest": "35.1.37",
    "1.16.4-recommended": "35.1.4",
    "1.16.5-latest": "36.2.42",
    "1.16.5-recommended": "36.2.34",
    "1.17.1-latest": "37.1.1",
    "1.17.1-recommended": "37.1.1",
    "1.18-latest": "38.0.17",
    "1.18.1-latest": "39.1.2",
    "1.18.1-recommended": "39.1.0",
    "1.18.2-recommended": "40.3.0",
    "1.18.2-latest": "40.3.12",
    "1.19-latest": "41.1.0",
    "1.19-recommended": "41.1.0",
    "1.19.1-latest": "42.0.9",
    "1.19.2-recommended": "43.5.0",
    "1.19.2-latest": "43.5.2",
    "1.19.3-latest": "44.1.23",
    "1.19.3-recommended": "44.1.0",
    "1.19.4-recommended": "45.4.0",
    "1.19.4-latest": "45.4.3",
    "1.20-latest": "46.0.14",
    "1.20.1-recommended": "47.4.10",
    "1.20.1-latest": "47.4.16",
    "1.20.2-latest": "48.1.0",
    "1.20.2-recommended": "48.1.0",
    "1.20.3-latest": "49.0.2",
    "1.20.4-latest": "49.2.4",
    "1.20.4-recommended": "49.2.0",
    "1.20.6-latest": "50.2.4",
    "1.20.6-recommended": "50.2.0",
    "1.21-latest": "51.0.33",
    "1.21.1-latest": "52.1.10",
    "1.21.1-recommended": "52.1.0",
    "1.21.3-latest": "53.1.7",
    "1.21.3-recommended": "53.1.0",
    "1.21.4-latest": "54.1.13",
    "1.21.4-recommended": "54.1.0",
    "1.21.5-latest": "55.1.7",
    "1.21.5-recommended": "55.1.0",
    "1.21.6-latest": "56.0.9",
    "1.21.7-latest": "57.0.3",
    "1.21.8-latest": "58.1.14",
    "1.21.8-recommended": "58.1.0",
    "1.21.9-latest": "59.0.5",
    "1.21.10-latest": "60.1.8",
    "1.21.10-recommended": "60.1.0",
    "1.21.11-latest": "61.1.4",
    "1.21.11-recommended": "61.1.0"
  }
}
[17Mar2026 09:43:11.586] [Forge Version Check/INFO] [net.minecraftforge.fml.VersionChecker/]: [forge] Found status: AHEAD Current: 47.4.16 Target: null
[17Mar2026 09:43:11.833] [main/ERROR] [net.minecraft.server.dedicated.Settings/]: Failed to load properties from file: server.properties
java.nio.file.NoSuchFileException: server.properties
	at sun.nio.fs.UnixException.translateToIOException(UnixException.java:92) ~[?:?]
	at sun.nio.fs.UnixException.rethrowAsIOException(UnixException.java:106) ~[?:?]
	at sun.nio.fs.UnixException.rethrowAsIOException(UnixException.java:111) ~[?:?]
	at sun.nio.fs.UnixFileSystemProvider.newByteChannel(UnixFileSystemProvider.java:261) ~[?:?]
	at java.nio.file.Files.newByteChannel(Files.java:380) ~[?:?]
	at java.nio.file.Files.newByteChannel(Files.java:432) ~[?:?]
	at java.nio.file.spi.FileSystemProvider.newInputStream(FileSystemProvider.java:420) ~[?:?]
	at java.nio.file.Files.newInputStream(Files.java:160) ~[?:?]
	at net.minecraft.server.dedicated.Settings.m_139839_(Settings.java:36) ~[server-1.20.1-20230612.114412-srg.jar%23101!/:?]
	at net.minecraft.server.dedicated.DedicatedServerProperties.m_180929_(DedicatedServerProperties.java:137) ~[server-1.20.1-20230612.114412-srg.jar%23101!/:?]
	at net.minecraft.server.dedicated.DedicatedServerSettings.<init>(DedicatedServerSettings.java:12) ~[server-1.20.1-20230612.114412-srg.jar%23101!/:?]
	at net.minecraft.server.Main.main(Main.java:126) ~[server-1.20.1-20230612.114412-srg.jar%23101!/:?]
	at jdk.internal.reflect.DirectMethodHandleAccessor.invoke(DirectMethodHandleAccessor.java:103) ~[?:?]
	at java.lang.reflect.Method.invoke(Method.java:580) ~[?:?]
	at net.minecraftforge.fml.loading.targets.CommonLaunchHandler.runTarget(CommonLaunchHandler.java:111) ~[fmlloader-1.20.1-47.4.16.jar%2369!/:?]
	at net.minecraftforge.fml.loading.targets.CommonLaunchHandler.serverService(CommonLaunchHandler.java:103) ~[fmlloader-1.20.1-47.4.16.jar%2369!/:?]
	at net.minecraftforge.fml.loading.targets.CommonServerLaunchHandler.lambda$makeService$0(CommonServerLaunchHandler.java:27) ~[fmlloader-1.20.1-47.4.16.jar%2369!/:?]
	at cpw.mods.modlauncher.LaunchServiceHandlerDecorator.launch(LaunchServiceHandlerDecorator.java:30) ~[modlauncher-10.0.9.jar%2355!/:?]
	at cpw.mods.modlauncher.LaunchServiceHandler.launch(LaunchServiceHandler.java:53) ~[modlauncher-10.0.9.jar%2355!/:?]
	at cpw.mods.modlauncher.LaunchServiceHandler.launch(LaunchServiceHandler.java:71) ~[modlauncher-10.0.9.jar%2355!/:?]
	at cpw.mods.modlauncher.Launcher.run(Launcher.java:108) ~[modlauncher-10.0.9.jar%2355!/:?]
	at cpw.mods.modlauncher.Launcher.main(Launcher.java:78) ~[modlauncher-10.0.9.jar%2355!/:?]
	at cpw.mods.modlauncher.BootstrapLaunchConsumer.accept(BootstrapLaunchConsumer.java:26) ~[modlauncher-10.0.9.jar%2355!/:?]
	at cpw.mods.modlauncher.BootstrapLaunchConsumer.accept(BootstrapLaunchConsumer.java:23) ~[modlauncher-10.0.9.jar%2355!/:?]
	at cpw.mods.bootstraplauncher.BootstrapLauncher.main(BootstrapLauncher.java:141) ~[bootstraplauncher-1.1.2.jar:?]
[17Mar2026 09:43:11.887] [main/INFO] [com.mojang.authlib.yggdrasil.YggdrasilAuthenticationService/]: Environment: authHost='https://authserver.mojang.com', accountsHost='https://api.mojang.com', sessionHost='https://sessionserver.mojang.com', servicesHost='https://api.minecraftservices.com', name='PROD'
[17Mar2026 09:43:11.946] [main/WARN] [net.minecraft.server.packs.VanillaPackResourcesBuilder/]: Assets URL 'union:/home/yousaytoday/itslinux-btw/assets/minecraft/server-1.20.1-forge/libraries/net/minecraft/server/1.20.1-20230612.114412/server-1.20.1-20230612.114412-srg.jar%23101!/assets/.mcassetsroot' uses unexpected schema
[17Mar2026 09:43:11.947] [main/WARN] [net.minecraft.server.packs.VanillaPackResourcesBuilder/]: Assets URL 'union:/home/yousaytoday/itslinux-btw/assets/minecraft/server-1.20.1-forge/libraries/net/minecraft/server/1.20.1-20230612.114412/server-1.20.1-20230612.114412-srg.jar%23101!/data/.mcassetsroot' uses unexpected schema
[17Mar2026 09:43:12.017] [main/DEBUG] [net.minecraftforge.server.ServerLifecycleHooks/CORE]: Generating PackInfo named mod:forge for mod file /home/yousaytoday/itslinux-btw/assets/minecraft/server-1.20.1-forge/libraries/net/minecraftforge/forge/1.20.1-47.4.16/forge-1.20.1-47.4.16-universal.jar
[17Mar2026 09:43:13.085] [main/DEBUG] [net.minecraftforge.coremod.transformer.CoreModBaseTransformer/COREMOD]: Transforming net/minecraft/server/commands/SummonCommand
[17Mar2026 09:43:13.799] [Worker-Main-1/DEBUG] [net.minecraftforge.coremod.transformer.CoreModBaseTransformer/COREMOD]: Transforming net/minecraft/world/entity/raid/Raid
[17Mar2026 09:43:14.105] [main/INFO] [net.minecraft.world.item.crafting.RecipeManager/]: Loaded 7 recipes
[17Mar2026 09:43:14.304] [main/INFO] [net.minecraft.advancements.AdvancementList/]: Loaded 1271 advancements
[17Mar2026 09:43:14.896] [main/DEBUG] [net.minecraftforge.common.ForgeHooks/WP]: Gathering id map for writing to world save world
[17Mar2026 09:43:14.935] [main/DEBUG] [net.minecraftforge.common.ForgeHooks/WP]: ID Map collection complete world
[17Mar2026 09:43:15.627] [Server thread/INFO] [net.minecraft.server.dedicated.DedicatedServer/]: Starting minecraft server version 1.20.1
[17Mar2026 09:43:15.635] [Server thread/INFO] [net.minecraft.server.dedicated.DedicatedServer/]: Loading properties
[17Mar2026 09:43:15.637] [Server thread/INFO] [net.minecraft.server.dedicated.DedicatedServer/]: Default game type: SURVIVAL
[17Mar2026 09:43:15.638] [Server thread/INFO] [net.minecraft.server.MinecraftServer/]: Generating keypair
[17Mar2026 09:43:15.956] [Server thread/INFO] [net.minecraft.server.dedicated.DedicatedServer/]: Starting Minecraft server on *:25565
[17Mar2026 09:43:16.108] [Server thread/DEBUG] [net.minecraftforge.network.DualStackUtils/]: Detected IPv6 address: "0:0:0:0:0:0:0:0"
[17Mar2026 09:43:16.140] [Server thread/DEBUG] [io.netty.util.internal.NativeLibraryLoader/]: -Dio.netty.native.workdir: /tmp (io.netty.tmpdir)
[17Mar2026 09:43:16.140] [Server thread/DEBUG] [io.netty.util.internal.NativeLibraryLoader/]: -Dio.netty.native.deleteLibAfterLoading: true
[17Mar2026 09:43:16.140] [Server thread/DEBUG] [io.netty.util.internal.NativeLibraryLoader/]: -Dio.netty.native.tryPatchShadedId: true
[17Mar2026 09:43:16.141] [Server thread/DEBUG] [io.netty.util.internal.NativeLibraryLoader/]: -Dio.netty.native.detectNativeLibraryDuplicates: true
[17Mar2026 09:43:16.158] [Server thread/DEBUG] [io.netty.util.internal.NativeLibraryLoader/]: Successfully loaded the library /tmp/libnetty_transport_native_epoll_x86_6413887657166124431788.so
[17Mar2026 09:43:16.167] [Server thread/DEBUG] [io.netty.util.NetUtil/]: -Djava.net.preferIPv4Stack: false
[17Mar2026 09:43:16.167] [Server thread/DEBUG] [io.netty.util.NetUtil/]: -Djava.net.preferIPv6Addresses: true
[17Mar2026 09:43:16.171] [Server thread/DEBUG] [io.netty.util.NetUtilInitializations/]: Loopback interface: lo (lo, 0:0:0:0:0:0:0:1%lo)
[17Mar2026 09:43:16.172] [Server thread/DEBUG] [io.netty.util.NetUtil/]: /proc/sys/net/core/somaxconn: 4096
[17Mar2026 09:43:16.178] [Server thread/INFO] [net.minecraft.server.network.ServerConnectionListener/]: Using epoll channel type
[17Mar2026 09:43:16.219] [Server thread/DEBUG] [io.netty.channel.MultithreadEventLoopGroup/]: -Dio.netty.eventLoopThreads: 8
[17Mar2026 09:43:16.234] [Server thread/DEBUG] [io.netty.util.internal.InternalThreadLocalMap/]: -Dio.netty.threadLocalMap.stringBuilder.initialSize: 1024
[17Mar2026 09:43:16.234] [Server thread/DEBUG] [io.netty.util.internal.InternalThreadLocalMap/]: -Dio.netty.threadLocalMap.stringBuilder.maxSize: 4096
[17Mar2026 09:43:16.247] [Server thread/DEBUG] [io.netty.util.internal.PlatformDependent/]: org.jctools-core.MpscChunkedArrayQueue: available
[17Mar2026 09:43:16.289] [Server thread/DEBUG] [io.netty.channel.DefaultChannelId/]: -Dio.netty.processId: 6581 (auto-detected)
[17Mar2026 09:43:16.291] [Server thread/DEBUG] [io.netty.channel.DefaultChannelId/]: -Dio.netty.machineId: 00:01:6c:ff:fe:cc:b2:a9 (auto-detected)
[17Mar2026 09:43:16.329] [Server thread/DEBUG] [io.netty.buffer.PooledByteBufAllocator/]: -Dio.netty.allocator.numHeapArenas: 8
[17Mar2026 09:43:16.329] [Server thread/DEBUG] [io.netty.buffer.PooledByteBufAllocator/]: -Dio.netty.allocator.numDirectArenas: 8
[17Mar2026 09:43:16.329] [Server thread/DEBUG] [io.netty.buffer.PooledByteBufAllocator/]: -Dio.netty.allocator.pageSize: 8192
[17Mar2026 09:43:16.329] [Server thread/DEBUG] [io.netty.buffer.PooledByteBufAllocator/]: -Dio.netty.allocator.maxOrder: 9
[17Mar2026 09:43:16.329] [Server thread/DEBUG] [io.netty.buffer.PooledByteBufAllocator/]: -Dio.netty.allocator.chunkSize: 4194304
[17Mar2026 09:43:16.330] [Server thread/DEBUG] [io.netty.buffer.PooledByteBufAllocator/]: -Dio.netty.allocator.smallCacheSize: 256
[17Mar2026 09:43:16.330] [Server thread/DEBUG] [io.netty.buffer.PooledByteBufAllocator/]: -Dio.netty.allocator.normalCacheSize: 64
[17Mar2026 09:43:16.330] [Server thread/DEBUG] [io.netty.buffer.PooledByteBufAllocator/]: -Dio.netty.allocator.maxCachedBufferCapacity: 32768
[17Mar2026 09:43:16.330] [Server thread/DEBUG] [io.netty.buffer.PooledByteBufAllocator/]: -Dio.netty.allocator.cacheTrimInterval: 8192
[17Mar2026 09:43:16.330] [Server thread/DEBUG] [io.netty.buffer.PooledByteBufAllocator/]: -Dio.netty.allocator.cacheTrimIntervalMillis: 0
[17Mar2026 09:43:16.330] [Server thread/DEBUG] [io.netty.buffer.PooledByteBufAllocator/]: -Dio.netty.allocator.useCacheForAllThreads: false
[17Mar2026 09:43:16.330] [Server thread/DEBUG] [io.netty.buffer.PooledByteBufAllocator/]: -Dio.netty.allocator.maxCachedByteBuffersPerChunk: 1023
[17Mar2026 09:43:16.339] [Server thread/DEBUG] [io.netty.buffer.ByteBufUtil/]: -Dio.netty.allocator.type: pooled
[17Mar2026 09:43:16.339] [Server thread/DEBUG] [io.netty.buffer.ByteBufUtil/]: -Dio.netty.threadLocalDirectBufferSize: 0
[17Mar2026 09:43:16.340] [Server thread/DEBUG] [io.netty.buffer.ByteBufUtil/]: -Dio.netty.maxThreadLocalCharBufferSize: 16384
[17Mar2026 09:43:16.378] [Server thread/DEBUG] [net.minecraftforge.fml.config.ConfigTracker/CONFIG]: Loading configs type SERVER
[17Mar2026 09:43:16.380] [Server thread/DEBUG] [net.minecraftforge.fml.config.ConfigFileTypeHandler/CONFIG]: Built TOML config for ./world/serverconfig/forge-server.toml
[17Mar2026 09:43:16.381] [Server thread/DEBUG] [net.minecraftforge.fml.config.ConfigFileTypeHandler/CONFIG]: Loaded TOML config file ./world/serverconfig/forge-server.toml
[17Mar2026 09:43:16.390] [Server thread/DEBUG] [net.minecraftforge.fml.config.ConfigFileTypeHandler/CONFIG]: Watching TOML config file ./world/serverconfig/forge-server.toml for changes
[17Mar2026 09:43:16.392] [Server thread/WARN] [net.minecraftforge.common.ForgeConfigSpec/CORE]: Configuration file ./world/serverconfig/forge-server.toml is not correct. Correcting
[17Mar2026 09:43:16.394] [Server thread/WARN] [net.minecraftforge.common.ForgeConfigSpec/CORE]: Incorrect key server was corrected from null to its default, SimpleCommentedConfig:{}. 
[17Mar2026 09:43:16.395] [Server thread/WARN] [net.minecraftforge.common.ForgeConfigSpec/CORE]: Incorrect key server.removeErroringBlockEntities was corrected from null to its default, false. 
[17Mar2026 09:43:16.395] [Server thread/DEBUG] [net.minecraftforge.common.ForgeConfigSpec/CORE]: The comment on key server.removeErroringBlockEntities does not match the spec. This may create a backup.
[17Mar2026 09:43:16.395] [Server thread/WARN] [net.minecraftforge.common.ForgeConfigSpec/CORE]: Incorrect key server.removeErroringEntities was corrected from null to its default, false. 
[17Mar2026 09:43:16.396] [Server thread/DEBUG] [net.minecraftforge.common.ForgeConfigSpec/CORE]: The comment on key server.removeErroringEntities does not match the spec. This may create a backup.
[17Mar2026 09:43:16.396] [Server thread/WARN] [net.minecraftforge.common.ForgeConfigSpec/CORE]: Incorrect key server.fullBoundingBoxLadders was corrected from null to its default, false. 
[17Mar2026 09:43:16.397] [Server thread/DEBUG] [net.minecraftforge.common.ForgeConfigSpec/CORE]: The comment on key server.fullBoundingBoxLadders does not match the spec. This may create a backup.
[17Mar2026 09:43:16.397] [Server thread/WARN] [net.minecraftforge.common.ForgeConfigSpec/CORE]: Incorrect key server.zombieBaseSummonChance was corrected from null to its default, 0.1. 
[17Mar2026 09:43:16.397] [Server thread/DEBUG] [net.minecraftforge.common.ForgeConfigSpec/CORE]: The comment on key server.zombieBaseSummonChance does not match the spec. This may create a backup.
[17Mar2026 09:43:16.397] [Server thread/WARN] [net.minecraftforge.common.ForgeConfigSpec/CORE]: Incorrect key server.zombieBabyChance was corrected from null to its default, 0.05. 
[17Mar2026 09:43:16.398] [Server thread/DEBUG] [net.minecraftforge.common.ForgeConfigSpec/CORE]: The comment on key server.zombieBabyChance does not match the spec. This may create a backup.
[17Mar2026 09:43:16.398] [Server thread/WARN] [net.minecraftforge.common.ForgeConfigSpec/CORE]: Incorrect key server.permissionHandler was corrected from null to its default, forge:default_handler. 
[17Mar2026 09:43:16.398] [Server thread/DEBUG] [net.minecraftforge.common.ForgeConfigSpec/CORE]: The comment on key server.permissionHandler does not match the spec. This may create a backup.
[17Mar2026 09:43:16.398] [Server thread/WARN] [net.minecraftforge.common.ForgeConfigSpec/CORE]: Incorrect key server.advertiseDedicatedServerToLan was corrected from null to its default, true. 
[17Mar2026 09:43:16.399] [Server thread/DEBUG] [net.minecraftforge.common.ForgeConfigSpec/CORE]: The comment on key server.advertiseDedicatedServerToLan does not match the spec. This may create a backup.
[17Mar2026 09:43:16.399] [Server thread/WARN] [net.minecraftforge.common.ForgeConfigSpec/CORE]: Incorrect key server.useItemWithDurationZero was corrected from null to its default, false. 
[17Mar2026 09:43:16.399] [Server thread/DEBUG] [net.minecraftforge.common.ForgeConfigSpec/CORE]: The comment on key server.useItemWithDurationZero does not match the spec. This may create a backup.
[17Mar2026 09:43:16.399] [Server thread/DEBUG] [net.minecraftforge.common.ForgeConfigSpec/CORE]: The comment on key server does not match the spec. This may create a backup.
[17Mar2026 09:43:16.404] [Thread-2/DEBUG] [net.minecraftforge.fml.config.ConfigFileTypeHandler/CONFIG]: Config file forge-server.toml changed, sending notifies
[17Mar2026 09:43:16.405] [Thread-2/DEBUG] [net.minecraftforge.common.ForgeConfig/FORGEMOD]: Forge config just got changed on the file system!
[17Mar2026 09:43:16.406] [Server thread/DEBUG] [net.minecraftforge.common.ForgeConfig/FORGEMOD]: Loaded forge config file forge-server.toml
[17Mar2026 09:43:16.407] [Thread-2/DEBUG] [net.minecraftforge.fml.config.ConfigFileTypeHandler/CONFIG]: Config file forge-server.toml changed, sending notifies
[17Mar2026 09:43:16.407] [Thread-2/DEBUG] [net.minecraftforge.common.ForgeConfig/FORGEMOD]: Forge config just got changed on the file system!
[17Mar2026 09:43:16.407] [Thread-2/DEBUG] [net.minecraftforge.fml.config.ConfigFileTypeHandler/CONFIG]: Config file forge-server.toml changed, sending notifies
[17Mar2026 09:43:16.407] [Thread-2/DEBUG] [net.minecraftforge.common.ForgeConfig/FORGEMOD]: Forge config just got changed on the file system!
[17Mar2026 09:43:16.408] [Thread-2/DEBUG] [net.minecraftforge.fml.config.ConfigFileTypeHandler/CONFIG]: Config file forge-server.toml changed, sending notifies
[17Mar2026 09:43:16.409] [Thread-2/DEBUG] [net.minecraftforge.common.ForgeConfig/FORGEMOD]: Forge config just got changed on the file system!
[17Mar2026 09:43:16.467] [Server thread/INFO] [net.minecraft.server.dedicated.DedicatedServer/]: Preparing level "world"
[17Mar2026 09:43:16.488] [Server thread/DEBUG] [net.minecraftforge.coremod.transformer.CoreModBaseTransformer/COREMOD]: Transforming net/minecraft/world/level/levelgen/PhantomSpawner
[17Mar2026 09:43:16.503] [Server thread/DEBUG] [net.minecraftforge.coremod.transformer.CoreModBaseTransformer/COREMOD]: Transforming net/minecraft/world/level/levelgen/PatrolSpawner
[17Mar2026 09:43:16.517] [Server thread/DEBUG] [net.minecraftforge.coremod.transformer.CoreModBaseTransformer/COREMOD]: Transforming net/minecraft/world/entity/npc/CatSpawner
[17Mar2026 09:43:16.523] [Server thread/DEBUG] [net.minecraftforge.coremod.transformer.CoreModBaseTransformer/COREMOD]: Transforming net/minecraft/world/entity/ai/village/VillageSiege
[17Mar2026 09:43:21.752] [Worker-Main-2/DEBUG] [net.minecraftforge.coremod.transformer.CoreModBaseTransformer/COREMOD]: Transforming net/minecraft/world/level/levelgen/structure/templatesystem/StructureTemplate
[17Mar2026 09:43:24.322] [Worker-Main-1/DEBUG] [net.minecraftforge.coremod.transformer.CoreModBaseTransformer/COREMOD]: Transforming net/minecraft/world/level/NaturalSpawner
[17Mar2026 09:43:24.468] [Server thread/INFO] [net.minecraft.server.MinecraftServer/]: Preparing start region for dimension minecraft:overworld
[17Mar2026 09:43:25.374] [Worker-Main-1/INFO] [net.minecraft.server.level.progress.LoggerChunkProgressListener/]: Preparing spawn area: 0%
[17Mar2026 09:43:25.379] [Worker-Main-1/INFO] [net.minecraft.server.level.progress.LoggerChunkProgressListener/]: Preparing spawn area: 0%
[17Mar2026 09:43:25.527] [Worker-Main-3/INFO] [net.minecraft.server.level.progress.LoggerChunkProgressListener/]: Preparing spawn area: 0%
[17Mar2026 09:43:25.980] [Worker-Main-3/INFO] [net.minecraft.server.level.progress.LoggerChunkProgressListener/]: Preparing spawn area: 0%
[17Mar2026 09:43:26.412] [Worker-Main-3/DEBUG] [io.netty.util.internal.ThreadLocalRandom/]: -Dio.netty.initialSeedUniquifier: 0x40e6c44cb92e578f
[17Mar2026 09:43:26.487] [Worker-Main-1/INFO] [net.minecraft.server.level.progress.LoggerChunkProgressListener/]: Preparing spawn area: 0%
[17Mar2026 09:43:26.976] [Worker-Main-1/INFO] [net.minecraft.server.level.progress.LoggerChunkProgressListener/]: Preparing spawn area: 0%
[17Mar2026 09:43:27.519] [Worker-Main-3/INFO] [net.minecraft.server.level.progress.LoggerChunkProgressListener/]: Preparing spawn area: 1%
[17Mar2026 09:43:27.970] [Worker-Main-2/INFO] [net.minecraft.server.level.progress.LoggerChunkProgressListener/]: Preparing spawn area: 2%
[17Mar2026 09:43:28.485] [Worker-Main-1/INFO] [net.minecraft.server.level.progress.LoggerChunkProgressListener/]: Preparing spawn area: 3%
[17Mar2026 09:43:28.973] [Worker-Main-1/INFO] [net.minecraft.server.level.progress.LoggerChunkProgressListener/]: Preparing spawn area: 4%
[17Mar2026 09:43:29.472] [Worker-Main-2/INFO] [net.minecraft.server.level.progress.LoggerChunkProgressListener/]: Preparing spawn area: 5%
[17Mar2026 09:43:29.989] [Worker-Main-2/INFO] [net.minecraft.server.level.progress.LoggerChunkProgressListener/]: Preparing spawn area: 5%
[17Mar2026 09:43:30.484] [Worker-Main-3/INFO] [net.minecraft.server.level.progress.LoggerChunkProgressListener/]: Preparing spawn area: 6%
[17Mar2026 09:43:30.977] [Worker-Main-3/INFO] [net.minecraft.server.level.progress.LoggerChunkProgressListener/]: Preparing spawn area: 7%
[17Mar2026 09:43:31.472] [Worker-Main-3/INFO] [net.minecraft.server.level.progress.LoggerChunkProgressListener/]: Preparing spawn area: 9%
[17Mar2026 09:43:31.977] [Worker-Main-3/INFO] [net.minecraft.server.level.progress.LoggerChunkProgressListener/]: Preparing spawn area: 10%
[17Mar2026 09:43:32.482] [Worker-Main-2/INFO] [net.minecraft.server.level.progress.LoggerChunkProgressListener/]: Preparing spawn area: 11%
[17Mar2026 09:43:32.994] [Worker-Main-2/INFO] [net.minecraft.server.level.progress.LoggerChunkProgressListener/]: Preparing spawn area: 12%
[17Mar2026 09:43:33.506] [Worker-Main-3/INFO] [net.minecraft.server.level.progress.LoggerChunkProgressListener/]: Preparing spawn area: 13%
[17Mar2026 09:43:33.975] [Worker-Main-1/INFO] [net.minecraft.server.level.progress.LoggerChunkProgressListener/]: Preparing spawn area: 15%
[17Mar2026 09:43:34.472] [Worker-Main-1/INFO] [net.minecraft.server.level.progress.LoggerChunkProgressListener/]: Preparing spawn area: 16%
[17Mar2026 09:43:34.974] [Worker-Main-2/INFO] [net.minecraft.server.level.progress.LoggerChunkProgressListener/]: Preparing spawn area: 17%
[17Mar2026 09:43:35.482] [Worker-Main-2/INFO] [net.minecraft.server.level.progress.LoggerChunkProgressListener/]: Preparing spawn area: 19%
[17Mar2026 09:43:35.973] [Worker-Main-2/INFO] [net.minecraft.server.level.progress.LoggerChunkProgressListener/]: Preparing spawn area: 20%
[17Mar2026 09:43:36.471] [Worker-Main-1/INFO] [net.minecraft.server.level.progress.LoggerChunkProgressListener/]: Preparing spawn area: 22%
[17Mar2026 09:43:36.997] [Worker-Main-2/INFO] [net.minecraft.server.level.progress.LoggerChunkProgressListener/]: Preparing spawn area: 24%
[17Mar2026 09:43:37.475] [Worker-Main-1/INFO] [net.minecraft.server.level.progress.LoggerChunkProgressListener/]: Preparing spawn area: 25%
[17Mar2026 09:43:37.972] [Worker-Main-3/INFO] [net.minecraft.server.level.progress.LoggerChunkProgressListener/]: Preparing spawn area: 26%
[17Mar2026 09:43:38.492] [Worker-Main-1/INFO] [net.minecraft.server.level.progress.LoggerChunkProgressListener/]: Preparing spawn area: 28%
[17Mar2026 09:43:38.986] [Worker-Main-3/INFO] [net.minecraft.server.level.progress.LoggerChunkProgressListener/]: Preparing spawn area: 30%
[17Mar2026 09:43:39.497] [Worker-Main-2/INFO] [net.minecraft.server.level.progress.LoggerChunkProgressListener/]: Preparing spawn area: 32%
[17Mar2026 09:43:39.974] [Worker-Main-2/INFO] [net.minecraft.server.level.progress.LoggerChunkProgressListener/]: Preparing spawn area: 34%
[17Mar2026 09:43:40.481] [Worker-Main-1/INFO] [net.minecraft.server.level.progress.LoggerChunkProgressListener/]: Preparing spawn area: 35%
[17Mar2026 09:43:40.979] [Worker-Main-2/INFO] [net.minecraft.server.level.progress.LoggerChunkProgressListener/]: Preparing spawn area: 37%
[17Mar2026 09:43:41.476] [Worker-Main-2/INFO] [net.minecraft.server.level.progress.LoggerChunkProgressListener/]: Preparing spawn area: 38%
[17Mar2026 09:43:41.969] [Worker-Main-1/INFO] [net.minecraft.server.level.progress.LoggerChunkProgressListener/]: Preparing spawn area: 41%
[17Mar2026 09:43:42.479] [Worker-Main-2/INFO] [net.minecraft.server.level.progress.LoggerChunkProgressListener/]: Preparing spawn area: 43%
[17Mar2026 09:43:43.005] [Worker-Main-2/INFO] [net.minecraft.server.level.progress.LoggerChunkProgressListener/]: Preparing spawn area: 45%
[17Mar2026 09:43:43.472] [Worker-Main-1/INFO] [net.minecraft.server.level.progress.LoggerChunkProgressListener/]: Preparing spawn area: 47%
[17Mar2026 09:43:43.971] [Worker-Main-1/INFO] [net.minecraft.server.level.progress.LoggerChunkProgressListener/]: Preparing spawn area: 49%
[17Mar2026 09:43:44.501] [Worker-Main-1/INFO] [net.minecraft.server.level.progress.LoggerChunkProgressListener/]: Preparing spawn area: 51%
[17Mar2026 09:43:44.998] [Worker-Main-3/INFO] [net.minecraft.server.level.progress.LoggerChunkProgressListener/]: Preparing spawn area: 54%
[17Mar2026 09:43:45.505] [Worker-Main-1/INFO] [net.minecraft.server.level.progress.LoggerChunkProgressListener/]: Preparing spawn area: 56%
[17Mar2026 09:43:45.983] [Worker-Main-3/INFO] [net.minecraft.server.level.progress.LoggerChunkProgressListener/]: Preparing spawn area: 57%
[17Mar2026 09:43:46.484] [Worker-Main-2/INFO] [net.minecraft.server.level.progress.LoggerChunkProgressListener/]: Preparing spawn area: 58%
[17Mar2026 09:43:46.971] [Worker-Main-1/INFO] [net.minecraft.server.level.progress.LoggerChunkProgressListener/]: Preparing spawn area: 61%
[17Mar2026 09:43:47.470] [Worker-Main-2/INFO] [net.minecraft.server.level.progress.LoggerChunkProgressListener/]: Preparing spawn area: 62%
[17Mar2026 09:43:47.973] [Worker-Main-1/INFO] [net.minecraft.server.level.progress.LoggerChunkProgressListener/]: Preparing spawn area: 65%
[17Mar2026 09:43:48.474] [Worker-Main-3/INFO] [net.minecraft.server.level.progress.LoggerChunkProgressListener/]: Preparing spawn area: 68%
[17Mar2026 09:43:48.970] [Worker-Main-1/INFO] [net.minecraft.server.level.progress.LoggerChunkProgressListener/]: Preparing spawn area: 68%
[17Mar2026 09:43:49.478] [Worker-Main-3/INFO] [net.minecraft.server.level.progress.LoggerChunkProgressListener/]: Preparing spawn area: 70%
[17Mar2026 09:43:49.993] [Worker-Main-3/INFO] [net.minecraft.server.level.progress.LoggerChunkProgressListener/]: Preparing spawn area: 72%
[17Mar2026 09:43:50.471] [Worker-Main-2/INFO] [net.minecraft.server.level.progress.LoggerChunkProgressListener/]: Preparing spawn area: 74%
[17Mar2026 09:43:50.971] [Worker-Main-2/INFO] [net.minecraft.server.level.progress.LoggerChunkProgressListener/]: Preparing spawn area: 77%
[17Mar2026 09:43:51.475] [Worker-Main-1/INFO] [net.minecraft.server.level.progress.LoggerChunkProgressListener/]: Preparing spawn area: 79%
[17Mar2026 09:43:51.972] [Worker-Main-3/INFO] [net.minecraft.server.level.progress.LoggerChunkProgressListener/]: Preparing spawn area: 81%
[17Mar2026 09:43:52.476] [Worker-Main-2/INFO] [net.minecraft.server.level.progress.LoggerChunkProgressListener/]: Preparing spawn area: 83%
[17Mar2026 09:43:52.969] [Worker-Main-2/INFO] [net.minecraft.server.level.progress.LoggerChunkProgressListener/]: Preparing spawn area: 85%
[17Mar2026 09:43:53.489] [Worker-Main-1/INFO] [net.minecraft.server.level.progress.LoggerChunkProgressListener/]: Preparing spawn area: 87%
[17Mar2026 09:43:53.976] [Worker-Main-2/INFO] [net.minecraft.server.level.progress.LoggerChunkProgressListener/]: Preparing spawn area: 88%
[17Mar2026 09:43:54.471] [Worker-Main-3/INFO] [net.minecraft.server.level.progress.LoggerChunkProgressListener/]: Preparing spawn area: 91%
[17Mar2026 09:43:55.003] [Worker-Main-2/INFO] [net.minecraft.server.level.progress.LoggerChunkProgressListener/]: Preparing spawn area: 93%
[17Mar2026 09:43:55.512] [Worker-Main-2/INFO] [net.minecraft.server.level.progress.LoggerChunkProgressListener/]: Preparing spawn area: 95%
[17Mar2026 09:43:55.973] [Worker-Main-1/INFO] [net.minecraft.server.level.progress.LoggerChunkProgressListener/]: Preparing spawn area: 97%
[17Mar2026 09:43:56.360] [Server thread/INFO] [net.minecraft.server.level.progress.LoggerChunkProgressListener/]: Time elapsed: 31891 ms
[17Mar2026 09:43:56.360] [Server thread/INFO] [net.minecraft.server.dedicated.DedicatedServer/]: Done (39.983s)! For help, type "help"
[17Mar2026 09:43:56.384] [Server thread/DEBUG] [net.minecraftforge.network.DualStackUtils/]: Detected IPv6 address: "0:0:0:0:0:0:0:0"
[17Mar2026 09:43:56.402] [Server thread/DEBUG] [net.minecraftforge.common.ForgeI18n/CORE]: Loading I18N data entries: 217
[17Mar2026 09:43:56.407] [Server thread/INFO] [net.minecraftforge.server.permission.PermissionAPI/]: Successfully initialized permission handler forge:default_handler
[17Mar2026 09:43:56.455] [Server thread/DEBUG] [io.netty.buffer.AbstractByteBuf/]: -Dio.netty.buffer.checkAccessible: true
[17Mar2026 09:43:56.455] [Server thread/DEBUG] [io.netty.buffer.AbstractByteBuf/]: -Dio.netty.buffer.checkBounds: true
[17Mar2026 09:43:56.457] [Server thread/DEBUG] [io.netty.util.ResourceLeakDetectorFactory/]: Loaded default ResourceLeakDetector: io.netty.util.ResourceLeakDetector@3104c8d1
[17Mar2026 09:43:56.560] [Server thread/INFO] [net.minecraft.server.MinecraftServer/]: Unknown or incomplete command, see below for error
[17Mar2026 09:43:56.561] [Server thread/INFO] [net.minecraft.server.MinecraftServer/]: ls<--[HERE]
[17Mar2026 09:44:00.031] [Server thread/INFO] [net.minecraft.server.MinecraftServer/]: Unknown or incomplete command, see below for error
[17Mar2026 09:44:00.278] [Server thread/INFO] [net.minecraft.server.MinecraftServer/]: ls<--[HERE]
[17Mar2026 09:44:06.317] [Server thread/INFO] [net.minecraft.server.MinecraftServer/]: Unknown or incomplete command, see below for error
[17Mar2026 09:44:06.473] [Server thread/INFO] [net.minecraft.server.MinecraftServer/]: plugins<--[HERE]
[17Mar2026 09:44:09.813] [Server thread/INFO] [net.minecraft.server.MinecraftServer/]: Unknown or incomplete command, see below for error
[17Mar2026 09:44:09.976] [Server thread/INFO] [net.minecraft.server.MinecraftServer/]: op<--[HERE]
[17Mar2026 09:44:13.653] [Server thread/INFO] [net.minecraft.server.MinecraftServer/]: That player does not exist
[17Mar2026 09:44:17.417] [Server thread/INFO] [net.minecraft.server.MinecraftServer/]: Unknown or incomplete command, see below for error
[17Mar2026 09:44:17.604] [Server thread/INFO] [net.minecraft.server.MinecraftServer/]: player<--[HERE]
[17Mar2026 09:44:19.362] [Server thread/INFO] [net.minecraft.server.MinecraftServer/]: Unknown or incomplete command, see below for error
[17Mar2026 09:44:19.508] [Server thread/INFO] [net.minecraft.server.MinecraftServer/]: players<--[HERE]
[17Mar2026 09:44:21.009] [Server thread/INFO] [net.minecraft.server.MinecraftServer/]: Unknown or incomplete command, see below for error
[17Mar2026 09:44:21.164] [Server thread/INFO] [net.minecraft.server.MinecraftServer/]: --help<--[HERE]
[17Mar2026 09:44:23.376] [Server thread/INFO] [net.minecraft.server.MinecraftServer/]: /advancement (grant|revoke)
[17Mar2026 09:44:23.529] [Server thread/INFO] [net.minecraft.server.MinecraftServer/]: /attribute <target> <attribute> (get|base|modifier)
[17Mar2026 09:44:23.530] [Server thread/INFO] [net.minecraft.server.MinecraftServer/]: /execute (run|if|unless|as|at|store|positioned|rotated|facing|align|anchored|in|summon|on)
[17Mar2026 09:44:23.531] [Server thread/INFO] [net.minecraft.server.MinecraftServer/]: /bossbar (add|remove|list|set|get)
[17Mar2026 09:44:23.532] [Server thread/INFO] [net.minecraft.server.MinecraftServer/]: /clear [<targets>]
[17Mar2026 09:44:23.532] [Server thread/INFO] [net.minecraft.server.MinecraftServer/]: /clone (<begin>|from)
[17Mar2026 09:44:23.532] [Server thread/INFO] [net.minecraft.server.MinecraftServer/]: /damage <target> <amount> [<damageType>]
[17Mar2026 09:44:23.532] [Server thread/INFO] [net.minecraft.server.MinecraftServer/]: /data (merge|get|remove|modify)
[17Mar2026 09:44:23.533] [Server thread/INFO] [net.minecraft.server.MinecraftServer/]: /datapack (enable|disable|list)
[17Mar2026 09:44:23.533] [Server thread/INFO] [net.minecraft.server.MinecraftServer/]: /debug (start|stop|function)
[17Mar2026 09:44:23.533] [Server thread/INFO] [net.minecraft.server.MinecraftServer/]: /defaultgamemode <gamemode>
[17Mar2026 09:44:23.533] [Server thread/INFO] [net.minecraft.server.MinecraftServer/]: /difficulty [peaceful|easy|normal|hard]
[17Mar2026 09:44:23.533] [Server thread/INFO] [net.minecraft.server.MinecraftServer/]: /effect (clear|give)
[17Mar2026 09:44:23.533] [Server thread/INFO] [net.minecraft.server.MinecraftServer/]: /me <action>
[17Mar2026 09:44:23.534] [Server thread/INFO] [net.minecraft.server.MinecraftServer/]: /enchant <targets> <enchantment> [<level>]
[17Mar2026 09:44:23.534] [Server thread/INFO] [net.minecraft.server.MinecraftServer/]: /experience (add|set|query)
[17Mar2026 09:44:23.534] [Server thread/INFO] [net.minecraft.server.MinecraftServer/]: /xp -> experience
[17Mar2026 09:44:23.534] [Server thread/INFO] [net.minecraft.server.MinecraftServer/]: /fill <from> <to> <block> [replace|keep|outline|hollow|destroy]
[17Mar2026 09:44:23.535] [Server thread/INFO] [net.minecraft.server.MinecraftServer/]: /fillbiome <from> <to> <biome> [replace]
[17Mar2026 09:44:23.535] [Server thread/INFO] [net.minecraft.server.MinecraftServer/]: /forceload (add|remove|query)
[17Mar2026 09:44:23.535] [Server thread/INFO] [net.minecraft.server.MinecraftServer/]: /function <name>
[17Mar2026 09:44:23.536] [Server thread/INFO] [net.minecraft.server.MinecraftServer/]: /gamemode <gamemode> [<target>]
[17Mar2026 09:44:23.536] [Server thread/INFO] [net.minecraft.server.MinecraftServer/]: /gamerule (announceAdvancements|blockExplosionDropDecay|commandBlockOutput|commandModificationBlockLimit|disableElytraMovementCheck|disableRaids|doDaylightCycle|doEntityDrops|doFireTick|doImmediateRespawn|doInsomnia|doLimitedCrafting|doMobLoot|doMobSpawning|doPatrolSpawning|doTileDrops|doTraderSpawning|doVinesSpread|doWardenSpawning|doWeatherCycle|drowningDamage|fallDamage|fireDamage|forgiveDeadPlayers|freezeDamage|globalSoundEvents|keepInventory|lavaSourceConversion|logAdminCommands|maxCommandChainLength|maxEntityCramming|mobExplosionDropDecay|mobGriefing|naturalRegeneration|playersSleepingPercentage|randomTickSpeed|reducedDebugInfo|sendCommandFeedback|showDeathMessages|snowAccumulationHeight|spawnRadius|spectatorsGenerateChunks|tntExplosionDropDecay|universalAnger|waterSourceConversion)
[17Mar2026 09:44:23.536] [Server thread/INFO] [net.minecraft.server.MinecraftServer/]: /give <targets> <item> [<count>]
[17Mar2026 09:44:23.537] [Server thread/INFO] [net.minecraft.server.MinecraftServer/]: /help [<command>]
[17Mar2026 09:44:23.537] [Server thread/INFO] [net.minecraft.server.MinecraftServer/]: /item (replace|modify)
[17Mar2026 09:44:23.537] [Server thread/INFO] [net.minecraft.server.MinecraftServer/]: /kick <targets> [<reason>]
[17Mar2026 09:44:23.538] [Server thread/INFO] [net.minecraft.server.MinecraftServer/]: /kill [<targets>]
[17Mar2026 09:44:23.538] [Server thread/INFO] [net.minecraft.server.MinecraftServer/]: /list [uuids]
[17Mar2026 09:44:23.538] [Server thread/INFO] [net.minecraft.server.MinecraftServer/]: /locate (structure|biome|poi)
[17Mar2026 09:44:23.538] [Server thread/INFO] [net.minecraft.server.MinecraftServer/]: /loot (replace|insert|give|spawn)
[17Mar2026 09:44:23.539] [Server thread/INFO] [net.minecraft.server.MinecraftServer/]: /msg <targets> <message>
[17Mar2026 09:44:23.539] [Server thread/INFO] [net.minecraft.server.MinecraftServer/]: /tell -> msg
[17Mar2026 09:44:23.539] [Server thread/INFO] [net.minecraft.server.MinecraftServer/]: /w -> msg
[17Mar2026 09:44:23.540] [Server thread/INFO] [net.minecraft.server.MinecraftServer/]: /particle <name> [<pos>]
[17Mar2026 09:44:23.540] [Server thread/INFO] [net.minecraft.server.MinecraftServer/]: /place (feature|jigsaw|structure|template)
[17Mar2026 09:44:23.540] [Server thread/INFO] [net.minecraft.server.MinecraftServer/]: /playsound <sound> (master|music|record|weather|block|hostile|neutral|player|ambient|voice)
[17Mar2026 09:44:23.540] [Server thread/INFO] [net.minecraft.server.MinecraftServer/]: /reload
[17Mar2026 09:44:23.542] [Server thread/INFO] [net.minecraft.server.MinecraftServer/]: /recipe (give|take)
[17Mar2026 09:44:23.542] [Server thread/INFO] [net.minecraft.server.MinecraftServer/]: /return <value>
[17Mar2026 09:44:23.542] [Server thread/INFO] [net.minecraft.server.MinecraftServer/]: /ride <target> (mount|dismount)
[17Mar2026 09:44:23.543] [Server thread/INFO] [net.minecraft.server.MinecraftServer/]: /say <message>
[17Mar2026 09:44:23.543] [Server thread/INFO] [net.minecraft.server.MinecraftServer/]: /schedule (function|clear)
[17Mar2026 09:44:23.543] [Server thread/INFO] [net.minecraft.server.MinecraftServer/]: /scoreboard (objectives|players)
[17Mar2026 09:44:23.543] [Server thread/INFO] [net.minecraft.server.MinecraftServer/]: /seed
[17Mar2026 09:44:23.543] [Server thread/INFO] [net.minecraft.server.MinecraftServer/]: /setblock <pos> <block> [destroy|keep|replace]
[17Mar2026 09:44:23.544] [Server thread/INFO] [net.minecraft.server.MinecraftServer/]: /spawnpoint [<targets>]
[17Mar2026 09:44:23.544] [Server thread/INFO] [net.minecraft.server.MinecraftServer/]: /setworldspawn [<pos>]
[17Mar2026 09:44:23.544] [Server thread/INFO] [net.minecraft.server.MinecraftServer/]: /spectate [<target>]
[17Mar2026 09:44:23.544] [Server thread/INFO] [net.minecraft.server.MinecraftServer/]: /spreadplayers <center> <spreadDistance> <maxRange> (<respectTeams>|under)
[17Mar2026 09:44:23.544] [Server thread/INFO] [net.minecraft.server.MinecraftServer/]: /stopsound <targets> [*|master|music|record|weather|block|hostile|neutral|player|ambient|voice]
[17Mar2026 09:44:23.545] [Server thread/INFO] [net.minecraft.server.MinecraftServer/]: /summon <entity> [<pos>]
[17Mar2026 09:44:23.545] [Server thread/INFO] [net.minecraft.server.MinecraftServer/]: /tag <targets> (add|remove|list)
[17Mar2026 09:44:23.545] [Server thread/INFO] [net.minecraft.server.MinecraftServer/]: /team (list|add|remove|empty|join|leave|modify)
[17Mar2026 09:44:23.545] [Server thread/INFO] [net.minecraft.server.MinecraftServer/]: /teammsg <message>
[17Mar2026 09:44:23.545] [Server thread/INFO] [net.minecraft.server.MinecraftServer/]: /tm -> teammsg
[17Mar2026 09:44:23.545] [Server thread/INFO] [net.minecraft.server.MinecraftServer/]: /teleport (<location>|<destination>|<targets>)
[17Mar2026 09:44:23.546] [Server thread/INFO] [net.minecraft.server.MinecraftServer/]: /tp -> teleport
[17Mar2026 09:44:23.546] [Server thread/INFO] [net.minecraft.server.MinecraftServer/]: /tellraw <targets> <message>
[17Mar2026 09:44:23.546] [Server thread/INFO] [net.minecraft.server.MinecraftServer/]: /time (set|add|query)
[17Mar2026 09:44:23.546] [Server thread/INFO] [net.minecraft.server.MinecraftServer/]: /title <targets> (clear|reset|title|subtitle|actionbar|times)
[17Mar2026 09:44:23.546] [Server thread/INFO] [net.minecraft.server.MinecraftServer/]: /trigger <objective> [add|set]
[17Mar2026 09:44:23.547] [Server thread/INFO] [net.minecraft.server.MinecraftServer/]: /weather (clear|rain|thunder)
[17Mar2026 09:44:23.549] [Server thread/INFO] [net.minecraft.server.MinecraftServer/]: /worldborder (add|set|center|damage|get|warning)
[17Mar2026 09:44:23.550] [Server thread/INFO] [net.minecraft.server.MinecraftServer/]: /jfr (start|stop)
[17Mar2026 09:44:23.550] [Server thread/INFO] [net.minecraft.server.MinecraftServer/]: /ban-ip <target> [<reason>]
[17Mar2026 09:44:23.550] [Server thread/INFO] [net.minecraft.server.MinecraftServer/]: /banlist [ips|players]
[17Mar2026 09:44:23.550] [Server thread/INFO] [net.minecraft.server.MinecraftServer/]: /ban <targets> [<reason>]
[17Mar2026 09:44:23.550] [Server thread/INFO] [net.minecraft.server.MinecraftServer/]: /deop <targets>
[17Mar2026 09:44:23.551] [Server thread/INFO] [net.minecraft.server.MinecraftServer/]: /op <targets>
[17Mar2026 09:44:23.551] [Server thread/INFO] [net.minecraft.server.MinecraftServer/]: /pardon <targets>
[17Mar2026 09:44:23.551] [Server thread/INFO] [net.minecraft.server.MinecraftServer/]: /pardon-ip <target>
[17Mar2026 09:44:23.551] [Server thread/INFO] [net.minecraft.server.MinecraftServer/]: /perf (start|stop)
[17Mar2026 09:44:23.551] [Server thread/INFO] [net.minecraft.server.MinecraftServer/]: /save-all [flush]
[17Mar2026 09:44:23.551] [Server thread/INFO] [net.minecraft.server.MinecraftServer/]: /save-off
[17Mar2026 09:44:23.551] [Server thread/INFO] [net.minecraft.server.MinecraftServer/]: /save-on
[17Mar2026 09:44:23.552] [Server thread/INFO] [net.minecraft.server.MinecraftServer/]: /setidletimeout <minutes>
[17Mar2026 09:44:23.554] [Server thread/INFO] [net.minecraft.server.MinecraftServer/]: /stop
[17Mar2026 09:44:23.555] [Server thread/INFO] [net.minecraft.server.MinecraftServer/]: /whitelist (on|off|list|add|remove|reload)
[17Mar2026 09:44:23.555] [Server thread/INFO] [net.minecraft.server.MinecraftServer/]: /forge (tps|track|entity|generate|dimensions|mods|tags)
[17Mar2026 09:44:23.555] [Server thread/INFO] [net.minecraft.server.MinecraftServer/]: /config showfile <mod> <type>
[17Mar2026 09:44:35.762] [Server thread/INFO] [net.minecraft.server.MinecraftServer/]: Incorrect argument for command
[17Mar2026 09:44:35.949] [Server thread/INFO] [net.minecraft.server.MinecraftServer/]: team ad<--[HERE]
[17Mar2026 09:48:15.061] [Server thread/INFO] [net.minecraft.server.MinecraftServer/]: A player is required to run this command here
[17Mar2026 09:48:21.609] [Server thread/INFO] [net.minecraft.server.MinecraftServer/]: Unknown or incomplete command, see below for error
[17Mar2026 09:48:21.777] [Server thread/INFO] [net.minecraft.server.MinecraftServer/]: pkill<--[HERE]
[17Mar2026 09:48:24.062] [Server thread/INFO] [net.minecraft.server.MinecraftServer/]: Unknown or incomplete command, see below for error
[17Mar2026 09:48:24.274] [Server thread/INFO] [net.minecraft.server.MinecraftServer/]: xp<--[HERE]
[17Mar2026 09:48:25.709] [Server thread/INFO] [net.minecraft.server.MinecraftServer/]: Unknown or incomplete command, see below for error
[17Mar2026 09:48:25.887] [Server thread/INFO] [net.minecraft.server.MinecraftServer/]: xp<--[HERE]
[17Mar2026 09:48:32.460] [Server thread/INFO] [net.minecraft.server.MinecraftServer/]: Incorrect argument for command
[17Mar2026 09:48:32.627] [Server thread/INFO] [net.minecraft.server.MinecraftServer/]: xp give lookanotherone 100<--[HERE]
[17Mar2026 09:48:38.960] [Server thread/INFO] [net.minecraft.server.MinecraftServer/]: Incorrect argument for command
[17Mar2026 09:48:39.134] [Server thread/INFO] [net.minecraft.server.MinecraftServer/]: xp give lookanotherone 1<--[HERE]
[17Mar2026 09:48:41.511] [Server thread/INFO] [net.minecraft.server.MinecraftServer/]: Incorrect argument for command
[17Mar2026 09:48:41.639] [Server thread/INFO] [net.minecraft.server.MinecraftServer/]: xp give lookanotherone<--[HERE]
[17Mar2026 09:48:45.511] [Server thread/INFO] [net.minecraft.server.MinecraftServer/]: Incorrect argument for command
[17Mar2026 09:48:45.651] [Server thread/INFO] [net.minecraft.server.MinecraftServer/]: xp give look<--[HERE]
[17Mar2026 09:48:56.387] [Server thread/DEBUG] [net.minecraftforge.common.ForgeHooks/WP]: Gathering id map for writing to world save world
[17Mar2026 09:48:56.395] [Server thread/DEBUG] [net.minecraftforge.common.ForgeHooks/WP]: ID Map collection complete world
[17Mar2026 09:53:56.470] [Server thread/DEBUG] [net.minecraftforge.common.ForgeHooks/WP]: Gathering id map for writing to world save world
[17Mar2026 09:53:56.500] [Server thread/DEBUG] [net.minecraftforge.common.ForgeHooks/WP]: ID Map collection complete world
[17Mar2026 09:58:56.444] [Server thread/DEBUG] [net.minecraftforge.common.ForgeHooks/WP]: Gathering id map for writing to world save world
[17Mar2026 09:58:56.475] [Server thread/DEBUG] [net.minecraftforge.common.ForgeHooks/WP]: ID Map collection complete world
[17Mar2026 10:00:19.308] [Server thread/INFO] [net.minecraft.server.MinecraftServer/]: Stopping the server
[17Mar2026 10:00:19.497] [Server thread/INFO] [net.minecraft.server.MinecraftServer/]: Stopping server
[17Mar2026 10:00:19.533] [Server thread/INFO] [net.minecraft.server.MinecraftServer/]: Saving players
[17Mar2026 10:00:19.535] [Server thread/INFO] [net.minecraft.server.MinecraftServer/]: Saving worlds
[17Mar2026 10:00:21.595] [Server thread/INFO] [net.minecraft.server.MinecraftServer/]: Saving chunks for level 'ServerLevel[world]'/minecraft:overworld
[17Mar2026 10:00:30.590] [Server thread/INFO] [net.minecraft.server.MinecraftServer/]: Saving chunks for level 'ServerLevel[world]'/minecraft:the_end
[17Mar2026 10:00:30.591] [Server thread/INFO] [net.minecraft.server.MinecraftServer/]: Saving chunks for level 'ServerLevel[world]'/minecraft:the_nether
[17Mar2026 10:00:30.601] [Server thread/DEBUG] [net.minecraftforge.common.ForgeHooks/WP]: Gathering id map for writing to world save world
[17Mar2026 10:00:30.608] [Server thread/DEBUG] [net.minecraftforge.common.ForgeHooks/WP]: ID Map collection complete world
[17Mar2026 10:00:30.618] [Server thread/INFO] [net.minecraft.server.MinecraftServer/]: ThreadedAnvilChunkStorage (world): All chunks are saved
[17Mar2026 10:00:30.619] [Server thread/INFO] [net.minecraft.server.MinecraftServer/]: ThreadedAnvilChunkStorage (DIM1): All chunks are saved
[17Mar2026 10:00:30.619] [Server thread/INFO] [net.minecraft.server.MinecraftServer/]: ThreadedAnvilChunkStorage (DIM-1): All chunks are saved
[17Mar2026 10:00:30.619] [Server thread/INFO] [net.minecraft.server.MinecraftServer/]: ThreadedAnvilChunkStorage: All dimensions are saved
[17Mar2026 10:00:30.709] [Server thread/DEBUG] [net.minecraftforge.fml.config.ConfigTracker/CONFIG]: Unloading configs type SERVER
